INSERT INTO characters (character_id, name, gender) values ('27168cf8-bbea-11ea-b6d8-ab58ae5d7a3a', 'Walder', 'M');
INSERT INTO characters (character_id, name, gender) values ('27168cfb-bbea-11ea-b6d8-ab58ae5d7a3a', 'Balon Greyjoy', 'M');
INSERT INTO characters (character_id, name, gender) values ('27168d08-bbea-11ea-b6d8-ab58ae5d7a3a', 'High Septon', 'M');
INSERT INTO characters (character_id, name, gender) values ('27168d0e-bbea-11ea-b6d8-ab58ae5d7a3a', 'Margaery Tyrell', 'F');
INSERT INTO characters (character_id, name, gender) values ('27168d14-bbea-11ea-b6d8-ab58ae5d7a3a', 'Mordane', 'F');
INSERT INTO characters (character_id, name, gender) values ('27168d17-bbea-11ea-b6d8-ab58ae5d7a3a', 'Tywin Lannister', 'M');
INSERT INTO characters (character_id, name, gender) values ('27168d21-bbea-11ea-b6d8-ab58ae5d7a3a', 'Unella', 'F');
INSERT INTO characters (character_id, name, gender) values ('27168d23-bbea-11ea-b6d8-ab58ae5d7a3a', 'Addam Marbrand', 'M');
INSERT INTO characters (character_id, name, gender) values ('27168d27-bbea-11ea-b6d8-ab58ae5d7a3a', 'Aemon Targaryen', 'M');
INSERT INTO characters (character_id, name, gender) values ('27168d2c-bbea-11ea-b6d8-ab58ae5d7a3a', 'Aeron Greyjoy', 'M');
INSERT INTO characters (character_id, name, gender) values ('27168d32-bbea-11ea-b6d8-ab58ae5d7a3a', 'Aerys II', 'M');
INSERT INTO characters (character_id, name, gender) values ('27168d38-bbea-11ea-b6d8-ab58ae5d7a3a', 'Alliser Thorne', 'M');
INSERT INTO characters (character_id, name, gender) values ('27168d3b-bbea-11ea-b6d8-ab58ae5d7a3a', 'Amory Lorch', 'M');
INSERT INTO characters (character_id, name, gender) values ('27168d41-bbea-11ea-b6d8-ab58ae5d7a3a', 'Anya Waynwood', 'F');
INSERT INTO characters (character_id, name, gender) values ('27168d44-bbea-11ea-b6d8-ab58ae5d7a3a', 'Arthur Dayne', 'M');
INSERT INTO characters (character_id, name, gender) values ('27168d48-bbea-11ea-b6d8-ab58ae5d7a3a', 'Arya Stark', 'F');
INSERT INTO characters (character_id, name, gender) values ('27168d5b-bbea-11ea-b6d8-ab58ae5d7a3a', 'Asha Greyjoy', 'F');
INSERT INTO characters (character_id, name, gender) values ('27168d63-bbea-11ea-b6d8-ab58ae5d7a3a', 'Barristan Selmy', 'M');
INSERT INTO characters (character_id, name, gender) values ('27168d6d-bbea-11ea-b6d8-ab58ae5d7a3a', 'Benjen Stark', 'M');
INSERT INTO characters (character_id, name, gender) values ('27168d72-bbea-11ea-b6d8-ab58ae5d7a3a', 'Beric Dondarrion', 'M');
INSERT INTO characters (character_id, name, gender) values ('27168d78-bbea-11ea-b6d8-ab58ae5d7a3a', 'Bowen Marsh', 'M');
INSERT INTO characters (character_id, name, gender) values ('27168d7c-bbea-11ea-b6d8-ab58ae5d7a3a', 'Brandon Stark', 'M');
INSERT INTO characters (character_id, name, gender) values ('27168d82-bbea-11ea-b6d8-ab58ae5d7a3a', 'Brienne of Tarth', 'F');
INSERT INTO characters (character_id, name, gender) values ('27168d89-bbea-11ea-b6d8-ab58ae5d7a3a', 'Bronn', 'M');
INSERT INTO characters (character_id, name, gender) values ('27168d8f-bbea-11ea-b6d8-ab58ae5d7a3a', 'Brynden Tully', 'M');
INSERT INTO characters (character_id, name, gender) values ('27168d98-bbea-11ea-b6d8-ab58ae5d7a3a', 'Catelyn Stark', 'F');
INSERT INTO characters (character_id, name, gender) values ('27168da1-bbea-11ea-b6d8-ab58ae5d7a3a', 'Cersei Lannister', 'F');
INSERT INTO characters (character_id, name, gender) values ('27168da9-bbea-11ea-b6d8-ab58ae5d7a3a', 'Dickon Tarly', 'M');
INSERT INTO characters (character_id, name, gender) values ('27168dab-bbea-11ea-b6d8-ab58ae5d7a3a', 'Dontos Hollard', 'M');
INSERT INTO characters (character_id, name, gender) values ('27168db1-bbea-11ea-b6d8-ab58ae5d7a3a', 'Doran Martell', 'M');
INSERT INTO characters (character_id, name, gender) values ('27168db4-bbea-11ea-b6d8-ab58ae5d7a3a', 'Eddard Stark', 'M');
INSERT INTO characters (character_id, name, gender) values ('27168dbe-bbea-11ea-b6d8-ab58ae5d7a3a', 'Eddison Tollet', 'M');
INSERT INTO characters (character_id, name, gender) values ('27168dc1-bbea-11ea-b6d8-ab58ae5d7a3a', 'Edmure Tully', 'M');
INSERT INTO characters (character_id, name, gender) values ('27168dc5-bbea-11ea-b6d8-ab58ae5d7a3a', 'Ellaria Sand', 'F');
INSERT INTO characters (character_id, name, gender) values ('27168dc9-bbea-11ea-b6d8-ab58ae5d7a3a', 'Galbart Glover', 'M');
INSERT INTO characters (character_id, name, gender) values ('27168dcc-bbea-11ea-b6d8-ab58ae5d7a3a', 'Gerold Hightower', 'M');
INSERT INTO characters (character_id, name, gender) values ('27168dd1-bbea-11ea-b6d8-ab58ae5d7a3a', 'Grenn', 'M');
INSERT INTO characters (character_id, name, gender) values ('27168dd3-bbea-11ea-b6d8-ab58ae5d7a3a', 'Howland Reed', 'M');
INSERT INTO characters (character_id, name, gender) values ('27168dd6-bbea-11ea-b6d8-ab58ae5d7a3a', 'Ilyn Payne', 'M');
INSERT INTO characters (character_id, name, gender) values ('27168dd9-bbea-11ea-b6d8-ab58ae5d7a3a', 'Imry Florent', 'M');
INSERT INTO characters (character_id, name, gender) values ('27168dde-bbea-11ea-b6d8-ab58ae5d7a3a', 'Jaime Lannister', 'M');
INSERT INTO characters (character_id, name, gender) values ('27168de7-bbea-11ea-b6d8-ab58ae5d7a3a', 'Janos Slynt', 'M');
INSERT INTO characters (character_id, name, gender) values ('27168dea-bbea-11ea-b6d8-ab58ae5d7a3a', 'Jeor Mormont', 'M');
INSERT INTO characters (character_id, name, gender) values ('27168def-bbea-11ea-b6d8-ab58ae5d7a3a', 'Joffrey Baratheon', 'M');
INSERT INTO characters (character_id, name, gender) values ('27168df7-bbea-11ea-b6d8-ab58ae5d7a3a', 'Jojen Reed', 'M');
INSERT INTO characters (character_id, name, gender) values ('27168dfa-bbea-11ea-b6d8-ab58ae5d7a3a', 'Jon Arryn', 'M');
INSERT INTO characters (character_id, name, gender) values ('27168e00-bbea-11ea-b6d8-ab58ae5d7a3a', 'Jon Snow', 'M');
INSERT INTO characters (character_id, name, gender) values ('27168e0b-bbea-11ea-b6d8-ab58ae5d7a3a', 'Jon Umber', 'M');
INSERT INTO characters (character_id, name, gender) values ('27168e10-bbea-11ea-b6d8-ab58ae5d7a3a', 'Jon Umber', 'M');
INSERT INTO characters (character_id, name, gender) values ('27168e14-bbea-11ea-b6d8-ab58ae5d7a3a', 'Jory Cassel', 'M');
INSERT INTO characters (character_id, name, gender) values ('27168e17-bbea-11ea-b6d8-ab58ae5d7a3a', 'Joyeuse Erenford', 'F');
INSERT INTO characters (character_id, name, gender) values ('27168e1b-bbea-11ea-b6d8-ab58ae5d7a3a', 'Kevan Lannister', 'M');
INSERT INTO characters (character_id, name, gender) values ('27168e21-bbea-11ea-b6d8-ab58ae5d7a3a', 'Lancel Lannister', 'M');
INSERT INTO characters (character_id, name, gender) values ('27168e26-bbea-11ea-b6d8-ab58ae5d7a3a', 'Loras Tyrell', 'M');
INSERT INTO characters (character_id, name, gender) values ('27168e2d-bbea-11ea-b6d8-ab58ae5d7a3a', 'Lothar Frey', 'M');
INSERT INTO characters (character_id, name, gender) values ('27168e31-bbea-11ea-b6d8-ab58ae5d7a3a', 'Lyanna Mormont', 'F');
INSERT INTO characters (character_id, name, gender) values ('27168e33-bbea-11ea-b6d8-ab58ae5d7a3a', 'Lysa Arryn', 'F');
INSERT INTO characters (character_id, name, gender) values ('27168e39-bbea-11ea-b6d8-ab58ae5d7a3a', 'Mace Tyrell', 'M');
INSERT INTO characters (character_id, name, gender) values ('27168e44-bbea-11ea-b6d8-ab58ae5d7a3a', 'Maege Mormont', 'F');
INSERT INTO characters (character_id, name, gender) values ('27168e48-bbea-11ea-b6d8-ab58ae5d7a3a', 'Mandon Moore', 'M');
INSERT INTO characters (character_id, name, gender) values ('27168e4b-bbea-11ea-b6d8-ab58ae5d7a3a', 'Martyn Lannister', 'M');
INSERT INTO characters (character_id, name, gender) values ('27168e4d-bbea-11ea-b6d8-ab58ae5d7a3a', 'Meera Reed', 'F');
INSERT INTO characters (character_id, name, gender) values ('27168e4f-bbea-11ea-b6d8-ab58ae5d7a3a', 'Melessa Florent', 'F');
INSERT INTO characters (character_id, name, gender) values ('27168e52-bbea-11ea-b6d8-ab58ae5d7a3a', 'Melisandre', 'F');
INSERT INTO characters (character_id, name, gender) values ('27168e58-bbea-11ea-b6d8-ab58ae5d7a3a', 'Meryn Trant', 'M');
INSERT INTO characters (character_id, name, gender) values ('27168e5b-bbea-11ea-b6d8-ab58ae5d7a3a', 'Myrcella Baratheon', 'F');
INSERT INTO characters (character_id, name, gender) values ('27168e5e-bbea-11ea-b6d8-ab58ae5d7a3a', 'Olenna Redwyne', 'F');
INSERT INTO characters (character_id, name, gender) values ('27168e63-bbea-11ea-b6d8-ab58ae5d7a3a', 'Othell Yarwyck', 'M');
INSERT INTO characters (character_id, name, gender) values ('27168e66-bbea-11ea-b6d8-ab58ae5d7a3a', 'Petyr Baelish', 'M');
INSERT INTO characters (character_id, name, gender) values ('27168e6e-bbea-11ea-b6d8-ab58ae5d7a3a', 'Podrick Payne', 'M');
INSERT INTO characters (character_id, name, gender) values ('27168e71-bbea-11ea-b6d8-ab58ae5d7a3a', 'Pypar', 'M');
INSERT INTO characters (character_id, name, gender) values ('27168e75-bbea-11ea-b6d8-ab58ae5d7a3a', 'Qhorin', 'M');
INSERT INTO characters (character_id, name, gender) values ('27168e77-bbea-11ea-b6d8-ab58ae5d7a3a', 'Ramsay Snow', 'M');
INSERT INTO characters (character_id, name, gender) values ('27168e82-bbea-11ea-b6d8-ab58ae5d7a3a', 'Randyll Tarly', 'M');
INSERT INTO characters (character_id, name, gender) values ('27168e87-bbea-11ea-b6d8-ab58ae5d7a3a', 'Renly Baratheon', 'M');
INSERT INTO characters (character_id, name, gender) values ('27168e8f-bbea-11ea-b6d8-ab58ae5d7a3a', 'Rickard Karstark', 'M');
INSERT INTO characters (character_id, name, gender) values ('27168e92-bbea-11ea-b6d8-ab58ae5d7a3a', 'Rickard Stark', 'M');
INSERT INTO characters (character_id, name, gender) values ('27168e96-bbea-11ea-b6d8-ab58ae5d7a3a', 'Rickon Stark', 'M');
INSERT INTO characters (character_id, name, gender) values ('27168e9a-bbea-11ea-b6d8-ab58ae5d7a3a', 'Robert Arryn', 'M');
INSERT INTO characters (character_id, name, gender) values ('27168ea1-bbea-11ea-b6d8-ab58ae5d7a3a', 'Robert I Baratheon', 'M');
INSERT INTO characters (character_id, name, gender) values ('27168ea9-bbea-11ea-b6d8-ab58ae5d7a3a', 'Robett Glover', 'M');
INSERT INTO characters (character_id, name, gender) values ('27168eab-bbea-11ea-b6d8-ab58ae5d7a3a', 'Rodrik Cassel', 'M');
INSERT INTO characters (character_id, name, gender) values ('27168eb2-bbea-11ea-b6d8-ab58ae5d7a3a', 'Roose Bolton', 'M');
INSERT INTO characters (character_id, name, gender) values ('27168eb7-bbea-11ea-b6d8-ab58ae5d7a3a', 'Roslin Frey', 'F');
INSERT INTO characters (character_id, name, gender) values ('27168eba-bbea-11ea-b6d8-ab58ae5d7a3a', 'Samwell Tarly', 'M');
INSERT INTO characters (character_id, name, gender) values ('27168ec3-bbea-11ea-b6d8-ab58ae5d7a3a', 'Sandor Clegane', 'M');
INSERT INTO characters (character_id, name, gender) values ('27168ec8-bbea-11ea-b6d8-ab58ae5d7a3a', 'Sansa Stark', 'F');
INSERT INTO characters (character_id, name, gender) values ('27168ecf-bbea-11ea-b6d8-ab58ae5d7a3a', 'Shireen Baratheon', 'F');
INSERT INTO characters (character_id, name, gender) values ('27168ed2-bbea-11ea-b6d8-ab58ae5d7a3a', 'Stevron Frey', 'M');
INSERT INTO characters (character_id, name, gender) values ('27168ed5-bbea-11ea-b6d8-ab58ae5d7a3a', 'Talla Tarly', 'F');
INSERT INTO characters (character_id, name, gender) values ('27168ed7-bbea-11ea-b6d8-ab58ae5d7a3a', 'Theon Greyjoy', 'M');
INSERT INTO characters (character_id, name, gender) values ('27168ee0-bbea-11ea-b6d8-ab58ae5d7a3a', 'Tommen Baratheon', 'M');
INSERT INTO characters (character_id, name, gender) values ('27168ee4-bbea-11ea-b6d8-ab58ae5d7a3a', 'Torrhen Karstark', 'M');
INSERT INTO characters (character_id, name, gender) values ('27168ee7-bbea-11ea-b6d8-ab58ae5d7a3a', 'Trystane Martell', 'M');
INSERT INTO characters (character_id, name, gender) values ('27168eea-bbea-11ea-b6d8-ab58ae5d7a3a', 'Tyrion Lannister', 'M');
INSERT INTO characters (character_id, name, gender) values ('27168ef9-bbea-11ea-b6d8-ab58ae5d7a3a', 'Vardis Egen', 'M');
INSERT INTO characters (character_id, name, gender) values ('27168efe-bbea-11ea-b6d8-ab58ae5d7a3a', 'Viserys Targaryen', 'M');
INSERT INTO characters (character_id, name, gender) values ('27168f03-bbea-11ea-b6d8-ab58ae5d7a3a', 'Walda Frey', 'F');
INSERT INTO characters (character_id, name, gender) values ('27168f08-bbea-11ea-b6d8-ab58ae5d7a3a', 'Walder Frey', 'M');
INSERT INTO characters (character_id, name, gender) values ('27168f0b-bbea-11ea-b6d8-ab58ae5d7a3a', 'Walder Frey', 'M');
INSERT INTO characters (character_id, name, gender) values ('27168f10-bbea-11ea-b6d8-ab58ae5d7a3a', 'Waymar Royce', 'M');
INSERT INTO characters (character_id, name, gender) values ('27168f13-bbea-11ea-b6d8-ab58ae5d7a3a', 'Wendel Manderly', 'M');
INSERT INTO characters (character_id, name, gender) values ('27168f16-bbea-11ea-b6d8-ab58ae5d7a3a', 'Yohn Royce', 'M');
INSERT INTO characters (character_id, name, gender) values ('27168f1a-bbea-11ea-b6d8-ab58ae5d7a3a', 'Yoren', 'M');
INSERT INTO characters (character_id, name, gender) values ('27168f1b-bbea-11ea-b6d8-ab58ae5d7a3a', 'Aggo', 'M');
INSERT INTO characters (character_id, name, gender) values ('27168f1e-bbea-11ea-b6d8-ab58ae5d7a3a', 'Anguy', 'M');
INSERT INTO characters (character_id, name, gender) values ('27168f20-bbea-11ea-b6d8-ab58ae5d7a3a', 'Areo Hotah', 'M');
INSERT INTO characters (character_id, name, gender) values ('27168f23-bbea-11ea-b6d8-ab58ae5d7a3a', 'Biter', 'M');
INSERT INTO characters (character_id, name, gender) values ('27168f24-bbea-11ea-b6d8-ab58ae5d7a3a', 'Brynden Rivers', 'M');
INSERT INTO characters (character_id, name, gender) values ('27168f2b-bbea-11ea-b6d8-ab58ae5d7a3a', 'Caleotte', 'M');
INSERT INTO characters (character_id, name, gender) values ('27168f2e-bbea-11ea-b6d8-ab58ae5d7a3a', 'Chella daughter of Cheyk', 'F');
INSERT INTO characters (character_id, name, gender) values ('27168f2f-bbea-11ea-b6d8-ab58ae5d7a3a', 'Craster', 'M');
INSERT INTO characters (character_id, name, gender) values ('27168f30-bbea-11ea-b6d8-ab58ae5d7a3a', 'Cressen', 'M');
INSERT INTO characters (character_id, name, gender) values ('27168f32-bbea-11ea-b6d8-ab58ae5d7a3a', 'Daario Naharis', 'M');
INSERT INTO characters (character_id, name, gender) values ('27168f33-bbea-11ea-b6d8-ab58ae5d7a3a', 'Daemon Sand', 'M');
INSERT INTO characters (character_id, name, gender) values ('27168f37-bbea-11ea-b6d8-ab58ae5d7a3a', 'Daenerys Targaryen', 'F');
INSERT INTO characters (character_id, name, gender) values ('27168f49-bbea-11ea-b6d8-ab58ae5d7a3a', 'Dagmer', 'M');
INSERT INTO characters (character_id, name, gender) values ('27168f4d-bbea-11ea-b6d8-ab58ae5d7a3a', 'Davos Seaworth', 'M');
INSERT INTO characters (character_id, name, gender) values ('27168f59-bbea-11ea-b6d8-ab58ae5d7a3a', 'Doreah', 'F');
INSERT INTO characters (character_id, name, gender) values ('27168f5b-bbea-11ea-b6d8-ab58ae5d7a3a', 'Drennan', 'M');
INSERT INTO characters (character_id, name, gender) values ('27168f5d-bbea-11ea-b6d8-ab58ae5d7a3a', 'Drogo', 'M');
INSERT INTO characters (character_id, name, gender) values ('27168f61-bbea-11ea-b6d8-ab58ae5d7a3a', 'Farlen', 'M');
INSERT INTO characters (character_id, name, gender) values ('27168f63-bbea-11ea-b6d8-ab58ae5d7a3a', 'Gendry', 'M');
INSERT INTO characters (character_id, name, gender) values ('27168f67-bbea-11ea-b6d8-ab58ae5d7a3a', 'Gilly', 'F');
INSERT INTO characters (character_id, name, gender) values ('27168f69-bbea-11ea-b6d8-ab58ae5d7a3a', 'Gregor Clegane', 'M');
INSERT INTO characters (character_id, name, gender) values ('27168f71-bbea-11ea-b6d8-ab58ae5d7a3a', 'Grey Worm', 'M');
INSERT INTO characters (character_id, name, gender) values ('27168f73-bbea-11ea-b6d8-ab58ae5d7a3a', 'Hallyne', 'M');
INSERT INTO characters (character_id, name, gender) values ('27168f77-bbea-11ea-b6d8-ab58ae5d7a3a', 'Hizdahr zo Loraq', 'M');
INSERT INTO characters (character_id, name, gender) values ('27168f7f-bbea-11ea-b6d8-ab58ae5d7a3a', 'Hot Pie', 'M');
INSERT INTO characters (character_id, name, gender) values ('27168f80-bbea-11ea-b6d8-ab58ae5d7a3a', 'Iggo', 'M');
INSERT INTO characters (character_id, name, gender) values ('27168f81-bbea-11ea-b6d8-ab58ae5d7a3a', 'Illyrio Mopatis', 'M');
INSERT INTO characters (character_id, name, gender) values ('27168f87-bbea-11ea-b6d8-ab58ae5d7a3a', 'Irri', 'F');
INSERT INTO characters (character_id, name, gender) values ('27168f89-bbea-11ea-b6d8-ab58ae5d7a3a', 'Jaqen H''ghar', 'M');
INSERT INTO characters (character_id, name, gender) values ('27168f8b-bbea-11ea-b6d8-ab58ae5d7a3a', 'Jhiqui', 'F');
INSERT INTO characters (character_id, name, gender) values ('27168f8d-bbea-11ea-b6d8-ab58ae5d7a3a', 'Jonos Bracken', 'M');
INSERT INTO characters (character_id, name, gender) values ('27168f90-bbea-11ea-b6d8-ab58ae5d7a3a', 'Jorah Mormont', 'M');
INSERT INTO characters (character_id, name, gender) values ('27168f97-bbea-11ea-b6d8-ab58ae5d7a3a', 'Karl', 'M');
INSERT INTO characters (character_id, name, gender) values ('27168f99-bbea-11ea-b6d8-ab58ae5d7a3a', 'Kraznys mo Nakloz', 'M');
INSERT INTO characters (character_id, name, gender) values ('27168f9a-bbea-11ea-b6d8-ab58ae5d7a3a', 'Lem', 'M');
INSERT INTO characters (character_id, name, gender) values ('27168f9e-bbea-11ea-b6d8-ab58ae5d7a3a', 'Lommy', 'M');
INSERT INTO characters (character_id, name, gender) values ('27168fa0-bbea-11ea-b6d8-ab58ae5d7a3a', 'Lord of Bones', 'M');
INSERT INTO characters (character_id, name, gender) values ('27168fa4-bbea-11ea-b6d8-ab58ae5d7a3a', 'Lorren', 'M');
INSERT INTO characters (character_id, name, gender) values ('27168fa6-bbea-11ea-b6d8-ab58ae5d7a3a', 'Luwin', 'M');
INSERT INTO characters (character_id, name, gender) values ('27168fa8-bbea-11ea-b6d8-ab58ae5d7a3a', 'Lyanna Stark', 'F');
INSERT INTO characters (character_id, name, gender) values ('27168fad-bbea-11ea-b6d8-ab58ae5d7a3a', 'Maggy', 'F');
INSERT INTO characters (character_id, name, gender) values ('27168faf-bbea-11ea-b6d8-ab58ae5d7a3a', 'Mago', 'M');
INSERT INTO characters (character_id, name, gender) values ('27168fb1-bbea-11ea-b6d8-ab58ae5d7a3a', 'Mance Rayder', 'M');
INSERT INTO characters (character_id, name, gender) values ('27168fb6-bbea-11ea-b6d8-ab58ae5d7a3a', 'Marei', 'F');
INSERT INTO characters (character_id, name, gender) values ('27168fb7-bbea-11ea-b6d8-ab58ae5d7a3a', 'Marillion', 'M');
INSERT INTO characters (character_id, name, gender) values ('27168fb8-bbea-11ea-b6d8-ab58ae5d7a3a', 'Masha Heddle', 'F');
INSERT INTO characters (character_id, name, gender) values ('27168fb9-bbea-11ea-b6d8-ab58ae5d7a3a', 'Matthos Seaworth', 'M');
INSERT INTO characters (character_id, name, gender) values ('27168fbb-bbea-11ea-b6d8-ab58ae5d7a3a', 'Mero', 'M');
INSERT INTO characters (character_id, name, gender) values ('27168fbe-bbea-11ea-b6d8-ab58ae5d7a3a', 'Mikken', 'M');
INSERT INTO characters (character_id, name, gender) values ('27168fc0-bbea-11ea-b6d8-ab58ae5d7a3a', 'Mirri Maz Duur', 'F');
INSERT INTO characters (character_id, name, gender) values ('27168fc3-bbea-11ea-b6d8-ab58ae5d7a3a', 'Missandei', 'F');
INSERT INTO characters (character_id, name, gender) values ('27168fc5-bbea-11ea-b6d8-ab58ae5d7a3a', 'Mord', 'M');
INSERT INTO characters (character_id, name, gender) values ('27168fc7-bbea-11ea-b6d8-ab58ae5d7a3a', 'Moro', 'M');
INSERT INTO characters (character_id, name, gender) values ('27168fc9-bbea-11ea-b6d8-ab58ae5d7a3a', 'Mycah', 'M');
INSERT INTO characters (character_id, name, gender) values ('27168fca-bbea-11ea-b6d8-ab58ae5d7a3a', 'Nan', 'F');
INSERT INTO characters (character_id, name, gender) values ('27168fcd-bbea-11ea-b6d8-ab58ae5d7a3a', 'Nymeria Sand', 'F');
INSERT INTO characters (character_id, name, gender) values ('27168fd0-bbea-11ea-b6d8-ab58ae5d7a3a', 'Obara Sand', 'F');
INSERT INTO characters (character_id, name, gender) values ('27168fd2-bbea-11ea-b6d8-ab58ae5d7a3a', 'Oberyn Nymeros Martell', 'M');
INSERT INTO characters (character_id, name, gender) values ('27168fd6-bbea-11ea-b6d8-ab58ae5d7a3a', 'Orell', 'M');
INSERT INTO characters (character_id, name, gender) values ('27168fd7-bbea-11ea-b6d8-ab58ae5d7a3a', 'Osha', 'F');
INSERT INTO characters (character_id, name, gender) values ('27168fd9-bbea-11ea-b6d8-ab58ae5d7a3a', 'Othor', 'M');
INSERT INTO characters (character_id, name, gender) values ('27168fda-bbea-11ea-b6d8-ab58ae5d7a3a', 'Polliver', 'M');
INSERT INTO characters (character_id, name, gender) values ('27168fde-bbea-11ea-b6d8-ab58ae5d7a3a', 'Prendahl na Ghezn', 'M');
INSERT INTO characters (character_id, name, gender) values ('27168fdf-bbea-11ea-b6d8-ab58ae5d7a3a', 'Pyat Pree', 'M');
INSERT INTO characters (character_id, name, gender) values ('27168fe1-bbea-11ea-b6d8-ab58ae5d7a3a', 'Pycelle', 'M');
INSERT INTO characters (character_id, name, gender) values ('27168fe6-bbea-11ea-b6d8-ab58ae5d7a3a', 'Qotho', 'M');
INSERT INTO characters (character_id, name, gender) values ('27168fe8-bbea-11ea-b6d8-ab58ae5d7a3a', 'Quaithe', 'F');
INSERT INTO characters (character_id, name, gender) values ('27168fea-bbea-11ea-b6d8-ab58ae5d7a3a', 'Qyburn', 'M');
INSERT INTO characters (character_id, name, gender) values ('27168fee-bbea-11ea-b6d8-ab58ae5d7a3a', 'Rakharo', 'M');
INSERT INTO characters (character_id, name, gender) values ('27168ff2-bbea-11ea-b6d8-ab58ae5d7a3a', 'Rast', 'M');
INSERT INTO characters (character_id, name, gender) values ('27168ff4-bbea-11ea-b6d8-ab58ae5d7a3a', 'Robb Stark', 'M');
INSERT INTO characters (character_id, name, gender) values ('27168ffb-bbea-11ea-b6d8-ab58ae5d7a3a', 'Rorge', 'M');
INSERT INTO characters (character_id, name, gender) values ('27168fff-bbea-11ea-b6d8-ab58ae5d7a3a', 'Ryger Rivers', 'M');
INSERT INTO characters (character_id, name, gender) values ('27169001-bbea-11ea-b6d8-ab58ae5d7a3a', 'Salladhor Saan', 'M');
INSERT INTO characters (character_id, name, gender) values ('27169005-bbea-11ea-b6d8-ab58ae5d7a3a', 'Selyse Florent', 'F');
INSERT INTO characters (character_id, name, gender) values ('2716900b-bbea-11ea-b6d8-ab58ae5d7a3a', 'Shae', 'F');
INSERT INTO characters (character_id, name, gender) values ('2716900c-bbea-11ea-b6d8-ab58ae5d7a3a', 'Stannis Baratheon', 'M');
INSERT INTO characters (character_id, name, gender) values ('27169017-bbea-11ea-b6d8-ab58ae5d7a3a', 'Stiv', 'M');
INSERT INTO characters (character_id, name, gender) values ('27169018-bbea-11ea-b6d8-ab58ae5d7a3a', 'Styr', 'M');
INSERT INTO characters (character_id, name, gender) values ('2716901a-bbea-11ea-b6d8-ab58ae5d7a3a', 'Syrio Forel', 'M');
INSERT INTO characters (character_id, name, gender) values ('2716901d-bbea-11ea-b6d8-ab58ae5d7a3a', 'Ternesio Terys', 'M');
INSERT INTO characters (character_id, name, gender) values ('2716901f-bbea-11ea-b6d8-ab58ae5d7a3a', 'The Tickler', 'F');
INSERT INTO characters (character_id, name, gender) values ('27169022-bbea-11ea-b6d8-ab58ae5d7a3a', 'Thoros of Myr', 'M');
INSERT INTO characters (character_id, name, gender) values ('27169025-bbea-11ea-b6d8-ab58ae5d7a3a', 'Timett, son of Timett', 'M');
INSERT INTO characters (character_id, name, gender) values ('27169028-bbea-11ea-b6d8-ab58ae5d7a3a', 'Tobho Mott', 'M');
INSERT INTO characters (character_id, name, gender) values ('27169029-bbea-11ea-b6d8-ab58ae5d7a3a', 'Tormund', 'M');
INSERT INTO characters (character_id, name, gender) values ('27169038-bbea-11ea-b6d8-ab58ae5d7a3a', 'Tycho Nestoris', 'M');
INSERT INTO characters (character_id, name, gender) values ('2716903a-bbea-11ea-b6d8-ab58ae5d7a3a', 'Tyene Sand', 'F');
INSERT INTO characters (character_id, name, gender) values ('2716903c-bbea-11ea-b6d8-ab58ae5d7a3a', 'Varys', 'M');
INSERT INTO characters (character_id, name, gender) values ('27169042-bbea-11ea-b6d8-ab58ae5d7a3a', 'Walton', 'M');
INSERT INTO characters (character_id, name, gender) values ('27169045-bbea-11ea-b6d8-ab58ae5d7a3a', 'Wun Weg Wun Dar Wun', 'M');
INSERT INTO characters (character_id, name, gender) values ('27169047-bbea-11ea-b6d8-ab58ae5d7a3a', 'Xaro Xhoan Daxos', 'M');
INSERT INTO characters (character_id, name, gender) values ('27169048-bbea-11ea-b6d8-ab58ae5d7a3a', 'Ygritte', 'F');
INSERT INTO titles (title_id, title, character_id) values ('27168cfc-bbea-11ea-b6d8-ab58ae5d7a3a', 'Iron King', '27168cfb-bbea-11ea-b6d8-ab58ae5d7a3a');
INSERT INTO titles (title_id, title, character_id) values ('27168cfd-bbea-11ea-b6d8-ab58ae5d7a3a', 'King of the Isles and the North', '27168cfb-bbea-11ea-b6d8-ab58ae5d7a3a');
INSERT INTO titles (title_id, title, character_id) values ('27168cfe-bbea-11ea-b6d8-ab58ae5d7a3a', 'King of Salt and Rock', '27168cfb-bbea-11ea-b6d8-ab58ae5d7a3a');
INSERT INTO titles (title_id, title, character_id) values ('27168cff-bbea-11ea-b6d8-ab58ae5d7a3a', 'Son of the Sea Wind', '27168cfb-bbea-11ea-b6d8-ab58ae5d7a3a');
INSERT INTO titles (title_id, title, character_id) values ('27168d00-bbea-11ea-b6d8-ab58ae5d7a3a', 'Lord Reaper of Pyke', '27168cfb-bbea-11ea-b6d8-ab58ae5d7a3a');
INSERT INTO titles (title_id, title, character_id) values ('27168d01-bbea-11ea-b6d8-ab58ae5d7a3a', 'The Greyjoy', '27168cfb-bbea-11ea-b6d8-ab58ae5d7a3a');
INSERT INTO titles (title_id, title, character_id) values ('27168d02-bbea-11ea-b6d8-ab58ae5d7a3a', 'Captain of the Great Kraken', '27168cfb-bbea-11ea-b6d8-ab58ae5d7a3a');
INSERT INTO titles (title_id, title, character_id) values ('27168d09-bbea-11ea-b6d8-ab58ae5d7a3a', 'High Septon', '27168d08-bbea-11ea-b6d8-ab58ae5d7a3a');
INSERT INTO titles (title_id, title, character_id) values ('27168d0a-bbea-11ea-b6d8-ab58ae5d7a3a', 'His High Holiness', '27168d08-bbea-11ea-b6d8-ab58ae5d7a3a');
INSERT INTO titles (title_id, title, character_id) values ('27168d0b-bbea-11ea-b6d8-ab58ae5d7a3a', 'Father of the Faithful', '27168d08-bbea-11ea-b6d8-ab58ae5d7a3a');
INSERT INTO titles (title_id, title, character_id) values ('27168d0c-bbea-11ea-b6d8-ab58ae5d7a3a', 'Voice of the Seven on Earth', '27168d08-bbea-11ea-b6d8-ab58ae5d7a3a');
INSERT INTO titles (title_id, title, character_id) values ('27168d0f-bbea-11ea-b6d8-ab58ae5d7a3a', 'Queen of the Seven Kingdoms', '27168d0e-bbea-11ea-b6d8-ab58ae5d7a3a');
INSERT INTO titles (title_id, title, character_id) values ('27168d15-bbea-11ea-b6d8-ab58ae5d7a3a', 'Septa', '27168d14-bbea-11ea-b6d8-ab58ae5d7a3a');
INSERT INTO titles (title_id, title, character_id) values ('27168d18-bbea-11ea-b6d8-ab58ae5d7a3a', 'Lord of Casterly Rock', '27168d17-bbea-11ea-b6d8-ab58ae5d7a3a');
INSERT INTO titles (title_id, title, character_id) values ('27168d19-bbea-11ea-b6d8-ab58ae5d7a3a', 'Shield of Lannisport', '27168d17-bbea-11ea-b6d8-ab58ae5d7a3a');
INSERT INTO titles (title_id, title, character_id) values ('27168d1a-bbea-11ea-b6d8-ab58ae5d7a3a', 'Warden of the West', '27168d17-bbea-11ea-b6d8-ab58ae5d7a3a');
INSERT INTO titles (title_id, title, character_id) values ('27168d1b-bbea-11ea-b6d8-ab58ae5d7a3a', 'Hand of the King', '27168d17-bbea-11ea-b6d8-ab58ae5d7a3a');
INSERT INTO titles (title_id, title, character_id) values ('27168d1c-bbea-11ea-b6d8-ab58ae5d7a3a', 'Savior of the City (of King''s Landing)', '27168d17-bbea-11ea-b6d8-ab58ae5d7a3a');
INSERT INTO titles (title_id, title, character_id) values ('27168d22-bbea-11ea-b6d8-ab58ae5d7a3a', 'Septa', '27168d21-bbea-11ea-b6d8-ab58ae5d7a3a');
INSERT INTO titles (title_id, title, character_id) values ('27168d24-bbea-11ea-b6d8-ab58ae5d7a3a', 'Ser', '27168d23-bbea-11ea-b6d8-ab58ae5d7a3a');
INSERT INTO titles (title_id, title, character_id) values ('27168d25-bbea-11ea-b6d8-ab58ae5d7a3a', 'Commander of the City Watch', '27168d23-bbea-11ea-b6d8-ab58ae5d7a3a');
INSERT INTO titles (title_id, title, character_id) values ('27168d28-bbea-11ea-b6d8-ab58ae5d7a3a', 'Maester', '27168d27-bbea-11ea-b6d8-ab58ae5d7a3a');
INSERT INTO titles (title_id, title, character_id) values ('27168d2d-bbea-11ea-b6d8-ab58ae5d7a3a', 'Priest of the Drowned God', '27168d2c-bbea-11ea-b6d8-ab58ae5d7a3a');
INSERT INTO titles (title_id, title, character_id) values ('27168d2e-bbea-11ea-b6d8-ab58ae5d7a3a', 'Captain of the Golden Storm (formerly)', '27168d2c-bbea-11ea-b6d8-ab58ae5d7a3a');
INSERT INTO titles (title_id, title, character_id) values ('27168d33-bbea-11ea-b6d8-ab58ae5d7a3a', 'King of the Andals, the Rhoynar and the First Men', '27168d32-bbea-11ea-b6d8-ab58ae5d7a3a');
INSERT INTO titles (title_id, title, character_id) values ('27168d34-bbea-11ea-b6d8-ab58ae5d7a3a', 'Lord of the Seven Kingdoms', '27168d32-bbea-11ea-b6d8-ab58ae5d7a3a');
INSERT INTO titles (title_id, title, character_id) values ('27168d35-bbea-11ea-b6d8-ab58ae5d7a3a', 'Protector of the Realm', '27168d32-bbea-11ea-b6d8-ab58ae5d7a3a');
INSERT INTO titles (title_id, title, character_id) values ('27168d39-bbea-11ea-b6d8-ab58ae5d7a3a', 'Ser', '27168d38-bbea-11ea-b6d8-ab58ae5d7a3a');
INSERT INTO titles (title_id, title, character_id) values ('27168d3c-bbea-11ea-b6d8-ab58ae5d7a3a', 'Ser', '27168d3b-bbea-11ea-b6d8-ab58ae5d7a3a');
INSERT INTO titles (title_id, title, character_id) values ('27168d3d-bbea-11ea-b6d8-ab58ae5d7a3a', 'Castellan of Harrenhal', '27168d3b-bbea-11ea-b6d8-ab58ae5d7a3a');
INSERT INTO titles (title_id, title, character_id) values ('27168d42-bbea-11ea-b6d8-ab58ae5d7a3a', 'Lady of Ironoaks', '27168d41-bbea-11ea-b6d8-ab58ae5d7a3a');
INSERT INTO titles (title_id, title, character_id) values ('27168d45-bbea-11ea-b6d8-ab58ae5d7a3a', 'Ser', '27168d44-bbea-11ea-b6d8-ab58ae5d7a3a');
INSERT INTO titles (title_id, title, character_id) values ('27168d46-bbea-11ea-b6d8-ab58ae5d7a3a', 'Sword of the Morning', '27168d44-bbea-11ea-b6d8-ab58ae5d7a3a');
INSERT INTO titles (title_id, title, character_id) values ('27168d49-bbea-11ea-b6d8-ab58ae5d7a3a', 'Princess', '27168d48-bbea-11ea-b6d8-ab58ae5d7a3a');
INSERT INTO titles (title_id, title, character_id) values ('27168d5c-bbea-11ea-b6d8-ab58ae5d7a3a', 'Princess', '27168d5b-bbea-11ea-b6d8-ab58ae5d7a3a');
INSERT INTO titles (title_id, title, character_id) values ('27168d5d-bbea-11ea-b6d8-ab58ae5d7a3a', 'Captain of the Black Wind', '27168d5b-bbea-11ea-b6d8-ab58ae5d7a3a');
INSERT INTO titles (title_id, title, character_id) values ('27168d5e-bbea-11ea-b6d8-ab58ae5d7a3a', 'Conqueror of Deepwood Motte', '27168d5b-bbea-11ea-b6d8-ab58ae5d7a3a');
INSERT INTO titles (title_id, title, character_id) values ('27168d64-bbea-11ea-b6d8-ab58ae5d7a3a', 'Ser', '27168d63-bbea-11ea-b6d8-ab58ae5d7a3a');
INSERT INTO titles (title_id, title, character_id) values ('27168d65-bbea-11ea-b6d8-ab58ae5d7a3a', 'Hand of the Queen', '27168d63-bbea-11ea-b6d8-ab58ae5d7a3a');
INSERT INTO titles (title_id, title, character_id) values ('27168d6e-bbea-11ea-b6d8-ab58ae5d7a3a', 'First Ranger', '27168d6d-bbea-11ea-b6d8-ab58ae5d7a3a');
INSERT INTO titles (title_id, title, character_id) values ('27168d73-bbea-11ea-b6d8-ab58ae5d7a3a', 'Lord of Blackhaven', '27168d72-bbea-11ea-b6d8-ab58ae5d7a3a');
INSERT INTO titles (title_id, title, character_id) values ('27168d79-bbea-11ea-b6d8-ab58ae5d7a3a', 'Lord Steward', '27168d78-bbea-11ea-b6d8-ab58ae5d7a3a');
INSERT INTO titles (title_id, title, character_id) values ('27168d7a-bbea-11ea-b6d8-ab58ae5d7a3a', 'First Steward', '27168d78-bbea-11ea-b6d8-ab58ae5d7a3a');
INSERT INTO titles (title_id, title, character_id) values ('27168d7d-bbea-11ea-b6d8-ab58ae5d7a3a', 'Prince of Winterfell', '27168d7c-bbea-11ea-b6d8-ab58ae5d7a3a');
INSERT INTO titles (title_id, title, character_id) values ('27168d8a-bbea-11ea-b6d8-ab58ae5d7a3a', 'Ser', '27168d89-bbea-11ea-b6d8-ab58ae5d7a3a');
INSERT INTO titles (title_id, title, character_id) values ('27168d8b-bbea-11ea-b6d8-ab58ae5d7a3a', 'Lord Protector of Stokeworth', '27168d89-bbea-11ea-b6d8-ab58ae5d7a3a');
INSERT INTO titles (title_id, title, character_id) values ('27168d90-bbea-11ea-b6d8-ab58ae5d7a3a', 'Ser', '27168d8f-bbea-11ea-b6d8-ab58ae5d7a3a');
INSERT INTO titles (title_id, title, character_id) values ('27168d91-bbea-11ea-b6d8-ab58ae5d7a3a', 'Warden of the Southern Marches', '27168d8f-bbea-11ea-b6d8-ab58ae5d7a3a');
INSERT INTO titles (title_id, title, character_id) values ('27168d92-bbea-11ea-b6d8-ab58ae5d7a3a', 'Knight of the Gate (formerly)', '27168d8f-bbea-11ea-b6d8-ab58ae5d7a3a');
INSERT INTO titles (title_id, title, character_id) values ('27168d99-bbea-11ea-b6d8-ab58ae5d7a3a', 'Lady of Winterfell', '27168d98-bbea-11ea-b6d8-ab58ae5d7a3a');
INSERT INTO titles (title_id, title, character_id) values ('27168da2-bbea-11ea-b6d8-ab58ae5d7a3a', 'Light of the West', '27168da1-bbea-11ea-b6d8-ab58ae5d7a3a');
INSERT INTO titles (title_id, title, character_id) values ('27168da3-bbea-11ea-b6d8-ab58ae5d7a3a', 'Queen Dowager', '27168da1-bbea-11ea-b6d8-ab58ae5d7a3a');
INSERT INTO titles (title_id, title, character_id) values ('27168da4-bbea-11ea-b6d8-ab58ae5d7a3a', 'Protector of the Realm', '27168da1-bbea-11ea-b6d8-ab58ae5d7a3a');
INSERT INTO titles (title_id, title, character_id) values ('27168da5-bbea-11ea-b6d8-ab58ae5d7a3a', 'Lady of Casterly Rock', '27168da1-bbea-11ea-b6d8-ab58ae5d7a3a');
INSERT INTO titles (title_id, title, character_id) values ('27168da6-bbea-11ea-b6d8-ab58ae5d7a3a', 'Queen Regent', '27168da1-bbea-11ea-b6d8-ab58ae5d7a3a');
INSERT INTO titles (title_id, title, character_id) values ('27168dac-bbea-11ea-b6d8-ab58ae5d7a3a', 'Ser', '27168dab-bbea-11ea-b6d8-ab58ae5d7a3a');
INSERT INTO titles (title_id, title, character_id) values ('27168db2-bbea-11ea-b6d8-ab58ae5d7a3a', 'Prince of Dorne', '27168db1-bbea-11ea-b6d8-ab58ae5d7a3a');
INSERT INTO titles (title_id, title, character_id) values ('27168db5-bbea-11ea-b6d8-ab58ae5d7a3a', 'Lord of Winterfell', '27168db4-bbea-11ea-b6d8-ab58ae5d7a3a');
INSERT INTO titles (title_id, title, character_id) values ('27168db6-bbea-11ea-b6d8-ab58ae5d7a3a', 'Warden of the North', '27168db4-bbea-11ea-b6d8-ab58ae5d7a3a');
INSERT INTO titles (title_id, title, character_id) values ('27168db7-bbea-11ea-b6d8-ab58ae5d7a3a', 'Hand of the King', '27168db4-bbea-11ea-b6d8-ab58ae5d7a3a');
INSERT INTO titles (title_id, title, character_id) values ('27168db8-bbea-11ea-b6d8-ab58ae5d7a3a', 'Protector of the Realm', '27168db4-bbea-11ea-b6d8-ab58ae5d7a3a');
INSERT INTO titles (title_id, title, character_id) values ('27168db9-bbea-11ea-b6d8-ab58ae5d7a3a', 'Regent', '27168db4-bbea-11ea-b6d8-ab58ae5d7a3a');
INSERT INTO titles (title_id, title, character_id) values ('27168dc2-bbea-11ea-b6d8-ab58ae5d7a3a', 'Ser', '27168dc1-bbea-11ea-b6d8-ab58ae5d7a3a');
INSERT INTO titles (title_id, title, character_id) values ('27168dc3-bbea-11ea-b6d8-ab58ae5d7a3a', 'Lord of Riverrun (lost to Emmon Frey)', '27168dc1-bbea-11ea-b6d8-ab58ae5d7a3a');
INSERT INTO titles (title_id, title, character_id) values ('27168dca-bbea-11ea-b6d8-ab58ae5d7a3a', 'Master of Deepwood Motte', '27168dc9-bbea-11ea-b6d8-ab58ae5d7a3a');
INSERT INTO titles (title_id, title, character_id) values ('27168dcd-bbea-11ea-b6d8-ab58ae5d7a3a', 'Ser', '27168dcc-bbea-11ea-b6d8-ab58ae5d7a3a');
INSERT INTO titles (title_id, title, character_id) values ('27168dce-bbea-11ea-b6d8-ab58ae5d7a3a', 'Lord Commander of the Kingsguard', '27168dcc-bbea-11ea-b6d8-ab58ae5d7a3a');
INSERT INTO titles (title_id, title, character_id) values ('27168dd4-bbea-11ea-b6d8-ab58ae5d7a3a', 'Lord of Greywater Watch', '27168dd3-bbea-11ea-b6d8-ab58ae5d7a3a');
INSERT INTO titles (title_id, title, character_id) values ('27168dd7-bbea-11ea-b6d8-ab58ae5d7a3a', 'Ser King''s Justice', '27168dd6-bbea-11ea-b6d8-ab58ae5d7a3a');
INSERT INTO titles (title_id, title, character_id) values ('27168dda-bbea-11ea-b6d8-ab58ae5d7a3a', 'Ser', '27168dd9-bbea-11ea-b6d8-ab58ae5d7a3a');
INSERT INTO titles (title_id, title, character_id) values ('27168ddb-bbea-11ea-b6d8-ab58ae5d7a3a', 'Lord High Captain', '27168dd9-bbea-11ea-b6d8-ab58ae5d7a3a');
INSERT INTO titles (title_id, title, character_id) values ('27168ddf-bbea-11ea-b6d8-ab58ae5d7a3a', 'Ser', '27168dde-bbea-11ea-b6d8-ab58ae5d7a3a');
INSERT INTO titles (title_id, title, character_id) values ('27168de0-bbea-11ea-b6d8-ab58ae5d7a3a', 'Lord Commander of the Kingsguard', '27168dde-bbea-11ea-b6d8-ab58ae5d7a3a');
INSERT INTO titles (title_id, title, character_id) values ('27168de1-bbea-11ea-b6d8-ab58ae5d7a3a', 'Warden of the East (formerly)', '27168dde-bbea-11ea-b6d8-ab58ae5d7a3a');
INSERT INTO titles (title_id, title, character_id) values ('27168de8-bbea-11ea-b6d8-ab58ae5d7a3a', 'Commander of the City Watch Lord of Harrenhal', '27168de7-bbea-11ea-b6d8-ab58ae5d7a3a');
INSERT INTO titles (title_id, title, character_id) values ('27168deb-bbea-11ea-b6d8-ab58ae5d7a3a', 'Lord of Bear Island (formerly)', '27168dea-bbea-11ea-b6d8-ab58ae5d7a3a');
INSERT INTO titles (title_id, title, character_id) values ('27168dec-bbea-11ea-b6d8-ab58ae5d7a3a', 'Lord Commander of the Night''s Watch', '27168dea-bbea-11ea-b6d8-ab58ae5d7a3a');
INSERT INTO titles (title_id, title, character_id) values ('27168df0-bbea-11ea-b6d8-ab58ae5d7a3a', 'King of the Andals, the Rhoynar and the First Men', '27168def-bbea-11ea-b6d8-ab58ae5d7a3a');
INSERT INTO titles (title_id, title, character_id) values ('27168df1-bbea-11ea-b6d8-ab58ae5d7a3a', 'Lord of the Seven Kingdoms', '27168def-bbea-11ea-b6d8-ab58ae5d7a3a');
INSERT INTO titles (title_id, title, character_id) values ('27168df2-bbea-11ea-b6d8-ab58ae5d7a3a', 'Protector of the Realm', '27168def-bbea-11ea-b6d8-ab58ae5d7a3a');
INSERT INTO titles (title_id, title, character_id) values ('27168dfb-bbea-11ea-b6d8-ab58ae5d7a3a', 'Lord of the Eyrie', '27168dfa-bbea-11ea-b6d8-ab58ae5d7a3a');
INSERT INTO titles (title_id, title, character_id) values ('27168dfc-bbea-11ea-b6d8-ab58ae5d7a3a', 'Defender of the Vale', '27168dfa-bbea-11ea-b6d8-ab58ae5d7a3a');
INSERT INTO titles (title_id, title, character_id) values ('27168dfd-bbea-11ea-b6d8-ab58ae5d7a3a', 'Warden of the East', '27168dfa-bbea-11ea-b6d8-ab58ae5d7a3a');
INSERT INTO titles (title_id, title, character_id) values ('27168dfe-bbea-11ea-b6d8-ab58ae5d7a3a', 'Hand of the King', '27168dfa-bbea-11ea-b6d8-ab58ae5d7a3a');
INSERT INTO titles (title_id, title, character_id) values ('27168e01-bbea-11ea-b6d8-ab58ae5d7a3a', 'Lord Commander of the Night''s Watch', '27168e00-bbea-11ea-b6d8-ab58ae5d7a3a');
INSERT INTO titles (title_id, title, character_id) values ('27168e0c-bbea-11ea-b6d8-ab58ae5d7a3a', 'Lord of the Last Hearth', '27168e0b-bbea-11ea-b6d8-ab58ae5d7a3a');
INSERT INTO titles (title_id, title, character_id) values ('27168e15-bbea-11ea-b6d8-ab58ae5d7a3a', 'Captain of the guard', '27168e14-bbea-11ea-b6d8-ab58ae5d7a3a');
INSERT INTO titles (title_id, title, character_id) values ('27168e18-bbea-11ea-b6d8-ab58ae5d7a3a', 'Lady of the Crossing', '27168e17-bbea-11ea-b6d8-ab58ae5d7a3a');
INSERT INTO titles (title_id, title, character_id) values ('27168e1c-bbea-11ea-b6d8-ab58ae5d7a3a', 'Ser', '27168e1b-bbea-11ea-b6d8-ab58ae5d7a3a');
INSERT INTO titles (title_id, title, character_id) values ('27168e1d-bbea-11ea-b6d8-ab58ae5d7a3a', 'Master of laws', '27168e1b-bbea-11ea-b6d8-ab58ae5d7a3a');
INSERT INTO titles (title_id, title, character_id) values ('27168e1e-bbea-11ea-b6d8-ab58ae5d7a3a', 'Lord Regent', '27168e1b-bbea-11ea-b6d8-ab58ae5d7a3a');
INSERT INTO titles (title_id, title, character_id) values ('27168e1f-bbea-11ea-b6d8-ab58ae5d7a3a', 'Protector of the Realm', '27168e1b-bbea-11ea-b6d8-ab58ae5d7a3a');
INSERT INTO titles (title_id, title, character_id) values ('27168e22-bbea-11ea-b6d8-ab58ae5d7a3a', 'Ser', '27168e21-bbea-11ea-b6d8-ab58ae5d7a3a');
INSERT INTO titles (title_id, title, character_id) values ('27168e23-bbea-11ea-b6d8-ab58ae5d7a3a', 'Lord of Darry', '27168e21-bbea-11ea-b6d8-ab58ae5d7a3a');
INSERT INTO titles (title_id, title, character_id) values ('27168e27-bbea-11ea-b6d8-ab58ae5d7a3a', 'Ser', '27168e26-bbea-11ea-b6d8-ab58ae5d7a3a');
INSERT INTO titles (title_id, title, character_id) values ('27168e28-bbea-11ea-b6d8-ab58ae5d7a3a', 'Lord Commander of the Rainbow Guard', '27168e26-bbea-11ea-b6d8-ab58ae5d7a3a');
INSERT INTO titles (title_id, title, character_id) values ('27168e2e-bbea-11ea-b6d8-ab58ae5d7a3a', 'Steward of the Twins', '27168e2d-bbea-11ea-b6d8-ab58ae5d7a3a');
INSERT INTO titles (title_id, title, character_id) values ('27168e34-bbea-11ea-b6d8-ab58ae5d7a3a', 'Lady of the Vale', '27168e33-bbea-11ea-b6d8-ab58ae5d7a3a');
INSERT INTO titles (title_id, title, character_id) values ('27168e3a-bbea-11ea-b6d8-ab58ae5d7a3a', 'Lord of Highgarden', '27168e39-bbea-11ea-b6d8-ab58ae5d7a3a');
INSERT INTO titles (title_id, title, character_id) values ('27168e3b-bbea-11ea-b6d8-ab58ae5d7a3a', 'Defender of the Marches', '27168e39-bbea-11ea-b6d8-ab58ae5d7a3a');
INSERT INTO titles (title_id, title, character_id) values ('27168e3c-bbea-11ea-b6d8-ab58ae5d7a3a', 'High Marshal of the Reach', '27168e39-bbea-11ea-b6d8-ab58ae5d7a3a');
INSERT INTO titles (title_id, title, character_id) values ('27168e3d-bbea-11ea-b6d8-ab58ae5d7a3a', 'Warden of the South', '27168e39-bbea-11ea-b6d8-ab58ae5d7a3a');
INSERT INTO titles (title_id, title, character_id) values ('27168e3e-bbea-11ea-b6d8-ab58ae5d7a3a', 'Hand of the King', '27168e39-bbea-11ea-b6d8-ab58ae5d7a3a');
INSERT INTO titles (title_id, title, character_id) values ('27168e3f-bbea-11ea-b6d8-ab58ae5d7a3a', 'Master of ships (formerly)', '27168e39-bbea-11ea-b6d8-ab58ae5d7a3a');
INSERT INTO titles (title_id, title, character_id) values ('27168e45-bbea-11ea-b6d8-ab58ae5d7a3a', 'Lady of Bear Island', '27168e44-bbea-11ea-b6d8-ab58ae5d7a3a');
INSERT INTO titles (title_id, title, character_id) values ('27168e49-bbea-11ea-b6d8-ab58ae5d7a3a', 'Ser', '27168e48-bbea-11ea-b6d8-ab58ae5d7a3a');
INSERT INTO titles (title_id, title, character_id) values ('27168e59-bbea-11ea-b6d8-ab58ae5d7a3a', 'Ser', '27168e58-bbea-11ea-b6d8-ab58ae5d7a3a');
INSERT INTO titles (title_id, title, character_id) values ('27168e5c-bbea-11ea-b6d8-ab58ae5d7a3a', 'Princess', '27168e5b-bbea-11ea-b6d8-ab58ae5d7a3a');
INSERT INTO titles (title_id, title, character_id) values ('27168e5f-bbea-11ea-b6d8-ab58ae5d7a3a', 'Dowager Lady of Highgarden', '27168e5e-bbea-11ea-b6d8-ab58ae5d7a3a');
INSERT INTO titles (title_id, title, character_id) values ('27168e64-bbea-11ea-b6d8-ab58ae5d7a3a', 'First Builder', '27168e63-bbea-11ea-b6d8-ab58ae5d7a3a');
INSERT INTO titles (title_id, title, character_id) values ('27168e67-bbea-11ea-b6d8-ab58ae5d7a3a', 'Master of coin (formerly)', '27168e66-bbea-11ea-b6d8-ab58ae5d7a3a');
INSERT INTO titles (title_id, title, character_id) values ('27168e68-bbea-11ea-b6d8-ab58ae5d7a3a', 'Lord Paramount of the Trident', '27168e66-bbea-11ea-b6d8-ab58ae5d7a3a');
INSERT INTO titles (title_id, title, character_id) values ('27168e69-bbea-11ea-b6d8-ab58ae5d7a3a', 'Lord of Harrenhal', '27168e66-bbea-11ea-b6d8-ab58ae5d7a3a');
INSERT INTO titles (title_id, title, character_id) values ('27168e6a-bbea-11ea-b6d8-ab58ae5d7a3a', 'Lord Protector of the Vale', '27168e66-bbea-11ea-b6d8-ab58ae5d7a3a');
INSERT INTO titles (title_id, title, character_id) values ('27168e78-bbea-11ea-b6d8-ab58ae5d7a3a', 'Lord of the Hornwood', '27168e77-bbea-11ea-b6d8-ab58ae5d7a3a');
INSERT INTO titles (title_id, title, character_id) values ('27168e79-bbea-11ea-b6d8-ab58ae5d7a3a', 'Lord of Winterfell', '27168e77-bbea-11ea-b6d8-ab58ae5d7a3a');
INSERT INTO titles (title_id, title, character_id) values ('27168e7a-bbea-11ea-b6d8-ab58ae5d7a3a', 'Castellan of the Dreadfort', '27168e77-bbea-11ea-b6d8-ab58ae5d7a3a');
INSERT INTO titles (title_id, title, character_id) values ('27168e83-bbea-11ea-b6d8-ab58ae5d7a3a', 'Lord of Horn Hill', '27168e82-bbea-11ea-b6d8-ab58ae5d7a3a');
INSERT INTO titles (title_id, title, character_id) values ('27168e84-bbea-11ea-b6d8-ab58ae5d7a3a', 'Justiciar', '27168e82-bbea-11ea-b6d8-ab58ae5d7a3a');
INSERT INTO titles (title_id, title, character_id) values ('27168e85-bbea-11ea-b6d8-ab58ae5d7a3a', 'Master of laws', '27168e82-bbea-11ea-b6d8-ab58ae5d7a3a');
INSERT INTO titles (title_id, title, character_id) values ('27168e88-bbea-11ea-b6d8-ab58ae5d7a3a', 'Lord Paramount of the Stormlands', '27168e87-bbea-11ea-b6d8-ab58ae5d7a3a');
INSERT INTO titles (title_id, title, character_id) values ('27168e89-bbea-11ea-b6d8-ab58ae5d7a3a', 'Lord of Storm''s End', '27168e87-bbea-11ea-b6d8-ab58ae5d7a3a');
INSERT INTO titles (title_id, title, character_id) values ('27168e8a-bbea-11ea-b6d8-ab58ae5d7a3a', 'Master of laws', '27168e87-bbea-11ea-b6d8-ab58ae5d7a3a');
INSERT INTO titles (title_id, title, character_id) values ('27168e8b-bbea-11ea-b6d8-ab58ae5d7a3a', 'Lord of the Seven Kingdoms (claimant)', '27168e87-bbea-11ea-b6d8-ab58ae5d7a3a');
INSERT INTO titles (title_id, title, character_id) values ('27168e90-bbea-11ea-b6d8-ab58ae5d7a3a', 'Lord of Karhold', '27168e8f-bbea-11ea-b6d8-ab58ae5d7a3a');
INSERT INTO titles (title_id, title, character_id) values ('27168e93-bbea-11ea-b6d8-ab58ae5d7a3a', 'Lord of Winterfell', '27168e92-bbea-11ea-b6d8-ab58ae5d7a3a');
INSERT INTO titles (title_id, title, character_id) values ('27168e94-bbea-11ea-b6d8-ab58ae5d7a3a', 'Warden of the North', '27168e92-bbea-11ea-b6d8-ab58ae5d7a3a');
INSERT INTO titles (title_id, title, character_id) values ('27168e97-bbea-11ea-b6d8-ab58ae5d7a3a', 'Prince of Winterfell', '27168e96-bbea-11ea-b6d8-ab58ae5d7a3a');
INSERT INTO titles (title_id, title, character_id) values ('27168e98-bbea-11ea-b6d8-ab58ae5d7a3a', 'Heir to Winterfell', '27168e96-bbea-11ea-b6d8-ab58ae5d7a3a');
INSERT INTO titles (title_id, title, character_id) values ('27168e9b-bbea-11ea-b6d8-ab58ae5d7a3a', 'Lord of the Eyrie', '27168e9a-bbea-11ea-b6d8-ab58ae5d7a3a');
INSERT INTO titles (title_id, title, character_id) values ('27168e9c-bbea-11ea-b6d8-ab58ae5d7a3a', 'Defender of the Vale', '27168e9a-bbea-11ea-b6d8-ab58ae5d7a3a');
INSERT INTO titles (title_id, title, character_id) values ('27168e9d-bbea-11ea-b6d8-ab58ae5d7a3a', 'Warden of the East', '27168e9a-bbea-11ea-b6d8-ab58ae5d7a3a');
INSERT INTO titles (title_id, title, character_id) values ('27168ea2-bbea-11ea-b6d8-ab58ae5d7a3a', 'King of the Andals, the Rhoynar and the First Men', '27168ea1-bbea-11ea-b6d8-ab58ae5d7a3a');
INSERT INTO titles (title_id, title, character_id) values ('27168ea3-bbea-11ea-b6d8-ab58ae5d7a3a', 'Lord of the Seven Kingdoms', '27168ea1-bbea-11ea-b6d8-ab58ae5d7a3a');
INSERT INTO titles (title_id, title, character_id) values ('27168ea4-bbea-11ea-b6d8-ab58ae5d7a3a', 'Protector of the Realm', '27168ea1-bbea-11ea-b6d8-ab58ae5d7a3a');
INSERT INTO titles (title_id, title, character_id) values ('27168ea5-bbea-11ea-b6d8-ab58ae5d7a3a', 'Ser[1]', '27168ea1-bbea-11ea-b6d8-ab58ae5d7a3a');
INSERT INTO titles (title_id, title, character_id) values ('27168eac-bbea-11ea-b6d8-ab58ae5d7a3a', 'Ser', '27168eab-bbea-11ea-b6d8-ab58ae5d7a3a');
INSERT INTO titles (title_id, title, character_id) values ('27168ead-bbea-11ea-b6d8-ab58ae5d7a3a', 'Master-at-arms of Winterfell', '27168eab-bbea-11ea-b6d8-ab58ae5d7a3a');
INSERT INTO titles (title_id, title, character_id) values ('27168eae-bbea-11ea-b6d8-ab58ae5d7a3a', 'Castellan of Winterfell', '27168eab-bbea-11ea-b6d8-ab58ae5d7a3a');
INSERT INTO titles (title_id, title, character_id) values ('27168eb3-bbea-11ea-b6d8-ab58ae5d7a3a', 'Lord of the Dreadfort', '27168eb2-bbea-11ea-b6d8-ab58ae5d7a3a');
INSERT INTO titles (title_id, title, character_id) values ('27168eb4-bbea-11ea-b6d8-ab58ae5d7a3a', 'Warden of the North', '27168eb2-bbea-11ea-b6d8-ab58ae5d7a3a');
INSERT INTO titles (title_id, title, character_id) values ('27168ec9-bbea-11ea-b6d8-ab58ae5d7a3a', 'Princess', '27168ec8-bbea-11ea-b6d8-ab58ae5d7a3a');
INSERT INTO titles (title_id, title, character_id) values ('27168ed0-bbea-11ea-b6d8-ab58ae5d7a3a', 'Princess', '27168ecf-bbea-11ea-b6d8-ab58ae5d7a3a');
INSERT INTO titles (title_id, title, character_id) values ('27168ed3-bbea-11ea-b6d8-ab58ae5d7a3a', 'Ser', '27168ed2-bbea-11ea-b6d8-ab58ae5d7a3a');
INSERT INTO titles (title_id, title, character_id) values ('27168ed8-bbea-11ea-b6d8-ab58ae5d7a3a', 'Prince of Winterfell', '27168ed7-bbea-11ea-b6d8-ab58ae5d7a3a');
INSERT INTO titles (title_id, title, character_id) values ('27168ed9-bbea-11ea-b6d8-ab58ae5d7a3a', 'Captain of Sea Bitch', '27168ed7-bbea-11ea-b6d8-ab58ae5d7a3a');
INSERT INTO titles (title_id, title, character_id) values ('27168eda-bbea-11ea-b6d8-ab58ae5d7a3a', 'Lord of the Iron Islands (by law of the green lands)', '27168ed7-bbea-11ea-b6d8-ab58ae5d7a3a');
INSERT INTO titles (title_id, title, character_id) values ('27168ee1-bbea-11ea-b6d8-ab58ae5d7a3a', 'King of the Andals, the Rhoynar and the First Men', '27168ee0-bbea-11ea-b6d8-ab58ae5d7a3a');
INSERT INTO titles (title_id, title, character_id) values ('27168ee2-bbea-11ea-b6d8-ab58ae5d7a3a', 'Lord of the Seven Kingdoms', '27168ee0-bbea-11ea-b6d8-ab58ae5d7a3a');
INSERT INTO titles (title_id, title, character_id) values ('27168ee8-bbea-11ea-b6d8-ab58ae5d7a3a', 'Prince', '27168ee7-bbea-11ea-b6d8-ab58ae5d7a3a');
INSERT INTO titles (title_id, title, character_id) values ('27168eeb-bbea-11ea-b6d8-ab58ae5d7a3a', 'Acting Hand of the King (former)', '27168eea-bbea-11ea-b6d8-ab58ae5d7a3a');
INSERT INTO titles (title_id, title, character_id) values ('27168eec-bbea-11ea-b6d8-ab58ae5d7a3a', 'Master of Coin (former)', '27168eea-bbea-11ea-b6d8-ab58ae5d7a3a');
INSERT INTO titles (title_id, title, character_id) values ('27168efa-bbea-11ea-b6d8-ab58ae5d7a3a', 'Ser', '27168ef9-bbea-11ea-b6d8-ab58ae5d7a3a');
INSERT INTO titles (title_id, title, character_id) values ('27168efb-bbea-11ea-b6d8-ab58ae5d7a3a', 'Captain of the Guards', '27168ef9-bbea-11ea-b6d8-ab58ae5d7a3a');
INSERT INTO titles (title_id, title, character_id) values ('27168eff-bbea-11ea-b6d8-ab58ae5d7a3a', 'King of the Andals, the Rhoynar and the First Men, Lord of the Seven Kingdoms and Protector of the Realm', '27168efe-bbea-11ea-b6d8-ab58ae5d7a3a');
INSERT INTO titles (title_id, title, character_id) values ('27168f0c-bbea-11ea-b6d8-ab58ae5d7a3a', 'Lord of the Crossing', '27168f0b-bbea-11ea-b6d8-ab58ae5d7a3a');
INSERT INTO titles (title_id, title, character_id) values ('27168f11-bbea-11ea-b6d8-ab58ae5d7a3a', 'Ser', '27168f10-bbea-11ea-b6d8-ab58ae5d7a3a');
INSERT INTO titles (title_id, title, character_id) values ('27168f14-bbea-11ea-b6d8-ab58ae5d7a3a', 'Ser', '27168f13-bbea-11ea-b6d8-ab58ae5d7a3a');
INSERT INTO titles (title_id, title, character_id) values ('27168f17-bbea-11ea-b6d8-ab58ae5d7a3a', 'Lord of Runestone', '27168f16-bbea-11ea-b6d8-ab58ae5d7a3a');
INSERT INTO titles (title_id, title, character_id) values ('27168f1c-bbea-11ea-b6d8-ab58ae5d7a3a', 'Ko, Bloodrider of Daenerys Targaryen', '27168f1b-bbea-11ea-b6d8-ab58ae5d7a3a');
INSERT INTO titles (title_id, title, character_id) values ('27168f21-bbea-11ea-b6d8-ab58ae5d7a3a', 'Captain of the Guard at Sunspear', '27168f20-bbea-11ea-b6d8-ab58ae5d7a3a');
INSERT INTO titles (title_id, title, character_id) values ('27168f25-bbea-11ea-b6d8-ab58ae5d7a3a', 'Ser', '27168f24-bbea-11ea-b6d8-ab58ae5d7a3a');
INSERT INTO titles (title_id, title, character_id) values ('27168f26-bbea-11ea-b6d8-ab58ae5d7a3a', 'Hand of the King', '27168f24-bbea-11ea-b6d8-ab58ae5d7a3a');
INSERT INTO titles (title_id, title, character_id) values ('27168f27-bbea-11ea-b6d8-ab58ae5d7a3a', 'Lord Commander of the Night''s Watch', '27168f24-bbea-11ea-b6d8-ab58ae5d7a3a');
INSERT INTO titles (title_id, title, character_id) values ('27168f2c-bbea-11ea-b6d8-ab58ae5d7a3a', 'Maester', '27168f2b-bbea-11ea-b6d8-ab58ae5d7a3a');
INSERT INTO titles (title_id, title, character_id) values ('27168f31-bbea-11ea-b6d8-ab58ae5d7a3a', 'Maester', '27168f30-bbea-11ea-b6d8-ab58ae5d7a3a');
INSERT INTO titles (title_id, title, character_id) values ('27168f34-bbea-11ea-b6d8-ab58ae5d7a3a', 'Ser', '27168f33-bbea-11ea-b6d8-ab58ae5d7a3a');
INSERT INTO titles (title_id, title, character_id) values ('27168f38-bbea-11ea-b6d8-ab58ae5d7a3a', 'Queen of the Andals and the Rhoynar and the First Men, Lord of the Seven Kingdoms', '27168f37-bbea-11ea-b6d8-ab58ae5d7a3a');
INSERT INTO titles (title_id, title, character_id) values ('27168f39-bbea-11ea-b6d8-ab58ae5d7a3a', 'Khaleesi of the Great Grass Sea', '27168f37-bbea-11ea-b6d8-ab58ae5d7a3a');
INSERT INTO titles (title_id, title, character_id) values ('27168f3a-bbea-11ea-b6d8-ab58ae5d7a3a', 'Breaker of Shackles/Chains', '27168f37-bbea-11ea-b6d8-ab58ae5d7a3a');
INSERT INTO titles (title_id, title, character_id) values ('27168f3b-bbea-11ea-b6d8-ab58ae5d7a3a', 'Queen of Meereen', '27168f37-bbea-11ea-b6d8-ab58ae5d7a3a');
INSERT INTO titles (title_id, title, character_id) values ('27168f3c-bbea-11ea-b6d8-ab58ae5d7a3a', 'Princess of Dragonstone', '27168f37-bbea-11ea-b6d8-ab58ae5d7a3a');
INSERT INTO titles (title_id, title, character_id) values ('27168f4a-bbea-11ea-b6d8-ab58ae5d7a3a', 'Captain of Foamdrinker', '27168f49-bbea-11ea-b6d8-ab58ae5d7a3a');
INSERT INTO titles (title_id, title, character_id) values ('27168f4e-bbea-11ea-b6d8-ab58ae5d7a3a', 'Ser', '27168f4d-bbea-11ea-b6d8-ab58ae5d7a3a');
INSERT INTO titles (title_id, title, character_id) values ('27168f4f-bbea-11ea-b6d8-ab58ae5d7a3a', 'Lord of the Rainwood', '27168f4d-bbea-11ea-b6d8-ab58ae5d7a3a');
INSERT INTO titles (title_id, title, character_id) values ('27168f50-bbea-11ea-b6d8-ab58ae5d7a3a', 'Admiral of the Narrow Sea', '27168f4d-bbea-11ea-b6d8-ab58ae5d7a3a');
INSERT INTO titles (title_id, title, character_id) values ('27168f51-bbea-11ea-b6d8-ab58ae5d7a3a', 'Hand of the King', '27168f4d-bbea-11ea-b6d8-ab58ae5d7a3a');
INSERT INTO titles (title_id, title, character_id) values ('27168f5e-bbea-11ea-b6d8-ab58ae5d7a3a', 'Khal', '27168f5d-bbea-11ea-b6d8-ab58ae5d7a3a');
INSERT INTO titles (title_id, title, character_id) values ('27168f64-bbea-11ea-b6d8-ab58ae5d7a3a', 'Ser', '27168f63-bbea-11ea-b6d8-ab58ae5d7a3a');
INSERT INTO titles (title_id, title, character_id) values ('27168f6a-bbea-11ea-b6d8-ab58ae5d7a3a', 'Ser', '27168f69-bbea-11ea-b6d8-ab58ae5d7a3a');
INSERT INTO titles (title_id, title, character_id) values ('27168f6b-bbea-11ea-b6d8-ab58ae5d7a3a', 'Knight of Clegane''s Keep', '27168f69-bbea-11ea-b6d8-ab58ae5d7a3a');
INSERT INTO titles (title_id, title, character_id) values ('27168f74-bbea-11ea-b6d8-ab58ae5d7a3a', 'Lord', '27168f73-bbea-11ea-b6d8-ab58ae5d7a3a');
INSERT INTO titles (title_id, title, character_id) values ('27168f75-bbea-11ea-b6d8-ab58ae5d7a3a', 'Wisdom', '27168f73-bbea-11ea-b6d8-ab58ae5d7a3a');
INSERT INTO titles (title_id, title, character_id) values ('27168f78-bbea-11ea-b6d8-ab58ae5d7a3a', 'King of Meereen', '27168f77-bbea-11ea-b6d8-ab58ae5d7a3a');
INSERT INTO titles (title_id, title, character_id) values ('27168f79-bbea-11ea-b6d8-ab58ae5d7a3a', 'Scion of Ghis', '27168f77-bbea-11ea-b6d8-ab58ae5d7a3a');
INSERT INTO titles (title_id, title, character_id) values ('27168f7a-bbea-11ea-b6d8-ab58ae5d7a3a', 'Octarch of the Old Empire', '27168f77-bbea-11ea-b6d8-ab58ae5d7a3a');
INSERT INTO titles (title_id, title, character_id) values ('27168f7b-bbea-11ea-b6d8-ab58ae5d7a3a', 'Master of the Skahazadhan, Consort to Dragons', '27168f77-bbea-11ea-b6d8-ab58ae5d7a3a');
INSERT INTO titles (title_id, title, character_id) values ('27168f7c-bbea-11ea-b6d8-ab58ae5d7a3a', 'Blood of the Harpy[1]', '27168f77-bbea-11ea-b6d8-ab58ae5d7a3a');
INSERT INTO titles (title_id, title, character_id) values ('27168f82-bbea-11ea-b6d8-ab58ae5d7a3a', 'Magister of Pentos', '27168f81-bbea-11ea-b6d8-ab58ae5d7a3a');
INSERT INTO titles (title_id, title, character_id) values ('27168f8e-bbea-11ea-b6d8-ab58ae5d7a3a', 'Lord of Stone Hedge', '27168f8d-bbea-11ea-b6d8-ab58ae5d7a3a');
INSERT INTO titles (title_id, title, character_id) values ('27168f91-bbea-11ea-b6d8-ab58ae5d7a3a', 'Ser', '27168f90-bbea-11ea-b6d8-ab58ae5d7a3a');
INSERT INTO titles (title_id, title, character_id) values ('27168f92-bbea-11ea-b6d8-ab58ae5d7a3a', 'Lord of Bear Island (stripped)', '27168f90-bbea-11ea-b6d8-ab58ae5d7a3a');
INSERT INTO titles (title_id, title, character_id) values ('27168fb0-bbea-11ea-b6d8-ab58ae5d7a3a', 'Bloodrider of Khal Jhaqo', '27168faf-bbea-11ea-b6d8-ab58ae5d7a3a');
INSERT INTO titles (title_id, title, character_id) values ('27168fb2-bbea-11ea-b6d8-ab58ae5d7a3a', 'King-Beyond-the-Wall', '27168fb1-bbea-11ea-b6d8-ab58ae5d7a3a');
INSERT INTO titles (title_id, title, character_id) values ('27168fc1-bbea-11ea-b6d8-ab58ae5d7a3a', 'Godswife', '27168fc0-bbea-11ea-b6d8-ab58ae5d7a3a');
INSERT INTO titles (title_id, title, character_id) values ('27168fc2-bbea-11ea-b6d8-ab58ae5d7a3a', 'Maegi', '27168fc0-bbea-11ea-b6d8-ab58ae5d7a3a');
INSERT INTO titles (title_id, title, character_id) values ('27168fc8-bbea-11ea-b6d8-ab58ae5d7a3a', 'Khal', '27168fc7-bbea-11ea-b6d8-ab58ae5d7a3a');
INSERT INTO titles (title_id, title, character_id) values ('27168fd3-bbea-11ea-b6d8-ab58ae5d7a3a', 'Prince', '27168fd2-bbea-11ea-b6d8-ab58ae5d7a3a');
INSERT INTO titles (title_id, title, character_id) values ('27168fdb-bbea-11ea-b6d8-ab58ae5d7a3a', 'Castellan of Harrenhal', '27168fda-bbea-11ea-b6d8-ab58ae5d7a3a');
INSERT INTO titles (title_id, title, character_id) values ('27168fe0-bbea-11ea-b6d8-ab58ae5d7a3a', 'Warlock', '27168fdf-bbea-11ea-b6d8-ab58ae5d7a3a');
INSERT INTO titles (title_id, title, character_id) values ('27168fe2-bbea-11ea-b6d8-ab58ae5d7a3a', 'Grand Maester', '27168fe1-bbea-11ea-b6d8-ab58ae5d7a3a');
INSERT INTO titles (title_id, title, character_id) values ('27168fe7-bbea-11ea-b6d8-ab58ae5d7a3a', 'Bloodrider of Khal Drogo', '27168fe6-bbea-11ea-b6d8-ab58ae5d7a3a');
INSERT INTO titles (title_id, title, character_id) values ('27168feb-bbea-11ea-b6d8-ab58ae5d7a3a', 'Master of whisperers', '27168fea-bbea-11ea-b6d8-ab58ae5d7a3a');
INSERT INTO titles (title_id, title, character_id) values ('27168fef-bbea-11ea-b6d8-ab58ae5d7a3a', 'Ko', '27168fee-bbea-11ea-b6d8-ab58ae5d7a3a');
INSERT INTO titles (title_id, title, character_id) values ('27168ff0-bbea-11ea-b6d8-ab58ae5d7a3a', 'Bloodrider of Daenerys Targaryen', '27168fee-bbea-11ea-b6d8-ab58ae5d7a3a');
INSERT INTO titles (title_id, title, character_id) values ('27168ff5-bbea-11ea-b6d8-ab58ae5d7a3a', 'King in the North', '27168ff4-bbea-11ea-b6d8-ab58ae5d7a3a');
INSERT INTO titles (title_id, title, character_id) values ('27168ff6-bbea-11ea-b6d8-ab58ae5d7a3a', 'King of the Trident Lord of Winterfell', '27168ff4-bbea-11ea-b6d8-ab58ae5d7a3a');
INSERT INTO titles (title_id, title, character_id) values ('27169002-bbea-11ea-b6d8-ab58ae5d7a3a', 'Prince of the Narrow Sea Lord of Blackwater Bay', '27169001-bbea-11ea-b6d8-ab58ae5d7a3a');
INSERT INTO titles (title_id, title, character_id) values ('27169006-bbea-11ea-b6d8-ab58ae5d7a3a', 'Lady', '27169005-bbea-11ea-b6d8-ab58ae5d7a3a');
INSERT INTO titles (title_id, title, character_id) values ('27169007-bbea-11ea-b6d8-ab58ae5d7a3a', 'Queen', '27169005-bbea-11ea-b6d8-ab58ae5d7a3a');
INSERT INTO titles (title_id, title, character_id) values ('2716900d-bbea-11ea-b6d8-ab58ae5d7a3a', 'Master of ships (formerly)', '2716900c-bbea-11ea-b6d8-ab58ae5d7a3a');
INSERT INTO titles (title_id, title, character_id) values ('2716900e-bbea-11ea-b6d8-ab58ae5d7a3a', 'Lord of Dragonstone', '2716900c-bbea-11ea-b6d8-ab58ae5d7a3a');
INSERT INTO titles (title_id, title, character_id) values ('2716900f-bbea-11ea-b6d8-ab58ae5d7a3a', 'Lord of Storm''s End', '2716900c-bbea-11ea-b6d8-ab58ae5d7a3a');
INSERT INTO titles (title_id, title, character_id) values ('27169010-bbea-11ea-b6d8-ab58ae5d7a3a', 'Lord Paramount of the Stormlands', '2716900c-bbea-11ea-b6d8-ab58ae5d7a3a');
INSERT INTO titles (title_id, title, character_id) values ('27169011-bbea-11ea-b6d8-ab58ae5d7a3a', 'King of Westeros', '2716900c-bbea-11ea-b6d8-ab58ae5d7a3a');
INSERT INTO titles (title_id, title, character_id) values ('27169019-bbea-11ea-b6d8-ab58ae5d7a3a', 'Magnar of Thenn', '27169018-bbea-11ea-b6d8-ab58ae5d7a3a');
INSERT INTO titles (title_id, title, character_id) values ('2716901b-bbea-11ea-b6d8-ab58ae5d7a3a', 'First Sword to the Sealord of Braavos Water Dancer', '2716901a-bbea-11ea-b6d8-ab58ae5d7a3a');
INSERT INTO titles (title_id, title, character_id) values ('2716901e-bbea-11ea-b6d8-ab58ae5d7a3a', 'Captain', '2716901d-bbea-11ea-b6d8-ab58ae5d7a3a');
INSERT INTO titles (title_id, title, character_id) values ('27169026-bbea-11ea-b6d8-ab58ae5d7a3a', 'Red Hand', '27169025-bbea-11ea-b6d8-ab58ae5d7a3a');
INSERT INTO titles (title_id, title, character_id) values ('2716902a-bbea-11ea-b6d8-ab58ae5d7a3a', 'Tall-talker', '27169029-bbea-11ea-b6d8-ab58ae5d7a3a');
INSERT INTO titles (title_id, title, character_id) values ('2716902b-bbea-11ea-b6d8-ab58ae5d7a3a', 'Horn-blower and Breaker of Ice', '27169029-bbea-11ea-b6d8-ab58ae5d7a3a');
INSERT INTO titles (title_id, title, character_id) values ('2716902c-bbea-11ea-b6d8-ab58ae5d7a3a', 'Husband to Bears', '27169029-bbea-11ea-b6d8-ab58ae5d7a3a');
INSERT INTO titles (title_id, title, character_id) values ('2716902d-bbea-11ea-b6d8-ab58ae5d7a3a', 'the Mead-king of Ruddy Hall', '27169029-bbea-11ea-b6d8-ab58ae5d7a3a');
INSERT INTO titles (title_id, title, character_id) values ('2716902e-bbea-11ea-b6d8-ab58ae5d7a3a', 'Speaker to Gods and Father of Hosts', '27169029-bbea-11ea-b6d8-ab58ae5d7a3a');
INSERT INTO titles (title_id, title, character_id) values ('2716903d-bbea-11ea-b6d8-ab58ae5d7a3a', 'Master of Whisperers', '2716903c-bbea-11ea-b6d8-ab58ae5d7a3a');
INSERT INTO aliases (alias_id, alias, character_id) values ('27168cf9-bbea-11ea-b6d8-ab58ae5d7a3a', 'Hodor', '27168cf8-bbea-11ea-b6d8-ab58ae5d7a3a');
INSERT INTO aliases (alias_id, alias, character_id) values ('27168d03-bbea-11ea-b6d8-ab58ae5d7a3a', 'Balon the Brave', '27168cfb-bbea-11ea-b6d8-ab58ae5d7a3a');
INSERT INTO aliases (alias_id, alias, character_id) values ('27168d04-bbea-11ea-b6d8-ab58ae5d7a3a', 'Balon the Blessed', '27168cfb-bbea-11ea-b6d8-ab58ae5d7a3a');
INSERT INTO aliases (alias_id, alias, character_id) values ('27168d05-bbea-11ea-b6d8-ab58ae5d7a3a', 'Balon the Twice Crowned', '27168cfb-bbea-11ea-b6d8-ab58ae5d7a3a');
INSERT INTO aliases (alias_id, alias, character_id) values ('27168d06-bbea-11ea-b6d8-ab58ae5d7a3a', 'Balon the Widowmaker', '27168cfb-bbea-11ea-b6d8-ab58ae5d7a3a');
INSERT INTO aliases (alias_id, alias, character_id) values ('27168d07-bbea-11ea-b6d8-ab58ae5d7a3a', 'The Kraken King', '27168cfb-bbea-11ea-b6d8-ab58ae5d7a3a');
INSERT INTO aliases (alias_id, alias, character_id) values ('27168d0d-bbea-11ea-b6d8-ab58ae5d7a3a', 'The High Sparrow', '27168d08-bbea-11ea-b6d8-ab58ae5d7a3a');
INSERT INTO aliases (alias_id, alias, character_id) values ('27168d10-bbea-11ea-b6d8-ab58ae5d7a3a', 'The Little Queen', '27168d0e-bbea-11ea-b6d8-ab58ae5d7a3a');
INSERT INTO aliases (alias_id, alias, character_id) values ('27168d11-bbea-11ea-b6d8-ab58ae5d7a3a', 'The Little Rose', '27168d0e-bbea-11ea-b6d8-ab58ae5d7a3a');
INSERT INTO aliases (alias_id, alias, character_id) values ('27168d12-bbea-11ea-b6d8-ab58ae5d7a3a', 'Maid Margaery', '27168d0e-bbea-11ea-b6d8-ab58ae5d7a3a');
INSERT INTO aliases (alias_id, alias, character_id) values ('27168d1d-bbea-11ea-b6d8-ab58ae5d7a3a', 'The Lion of Lannister', '27168d17-bbea-11ea-b6d8-ab58ae5d7a3a');
INSERT INTO aliases (alias_id, alias, character_id) values ('27168d1e-bbea-11ea-b6d8-ab58ae5d7a3a', 'The Old Lion', '27168d17-bbea-11ea-b6d8-ab58ae5d7a3a');
INSERT INTO aliases (alias_id, alias, character_id) values ('27168d1f-bbea-11ea-b6d8-ab58ae5d7a3a', 'The Great Lion of the Rock', '27168d17-bbea-11ea-b6d8-ab58ae5d7a3a');
INSERT INTO aliases (alias_id, alias, character_id) values ('27168d29-bbea-11ea-b6d8-ab58ae5d7a3a', 'Aemon Targaryen', '27168d27-bbea-11ea-b6d8-ab58ae5d7a3a');
INSERT INTO aliases (alias_id, alias, character_id) values ('27168d2a-bbea-11ea-b6d8-ab58ae5d7a3a', 'Maester Aemon', '27168d27-bbea-11ea-b6d8-ab58ae5d7a3a');
INSERT INTO aliases (alias_id, alias, character_id) values ('27168d2b-bbea-11ea-b6d8-ab58ae5d7a3a', 'Uncle Maester', '27168d27-bbea-11ea-b6d8-ab58ae5d7a3a');
INSERT INTO aliases (alias_id, alias, character_id) values ('27168d2f-bbea-11ea-b6d8-ab58ae5d7a3a', 'The Damphair', '27168d2c-bbea-11ea-b6d8-ab58ae5d7a3a');
INSERT INTO aliases (alias_id, alias, character_id) values ('27168d30-bbea-11ea-b6d8-ab58ae5d7a3a', 'Aeron Damphair', '27168d2c-bbea-11ea-b6d8-ab58ae5d7a3a');
INSERT INTO aliases (alias_id, alias, character_id) values ('27168d36-bbea-11ea-b6d8-ab58ae5d7a3a', 'The Mad King', '27168d32-bbea-11ea-b6d8-ab58ae5d7a3a');
INSERT INTO aliases (alias_id, alias, character_id) values ('27168d37-bbea-11ea-b6d8-ab58ae5d7a3a', 'King Scab', '27168d32-bbea-11ea-b6d8-ab58ae5d7a3a');
INSERT INTO aliases (alias_id, alias, character_id) values ('27168d3e-bbea-11ea-b6d8-ab58ae5d7a3a', 'The Manticore', '27168d3b-bbea-11ea-b6d8-ab58ae5d7a3a');
INSERT INTO aliases (alias_id, alias, character_id) values ('27168d4a-bbea-11ea-b6d8-ab58ae5d7a3a', 'Arya Horseface', '27168d48-bbea-11ea-b6d8-ab58ae5d7a3a');
INSERT INTO aliases (alias_id, alias, character_id) values ('27168d4b-bbea-11ea-b6d8-ab58ae5d7a3a', 'Arya Underfoot', '27168d48-bbea-11ea-b6d8-ab58ae5d7a3a');
INSERT INTO aliases (alias_id, alias, character_id) values ('27168d4c-bbea-11ea-b6d8-ab58ae5d7a3a', 'Arry', '27168d48-bbea-11ea-b6d8-ab58ae5d7a3a');
INSERT INTO aliases (alias_id, alias, character_id) values ('27168d4d-bbea-11ea-b6d8-ab58ae5d7a3a', 'Lumpyface', '27168d48-bbea-11ea-b6d8-ab58ae5d7a3a');
INSERT INTO aliases (alias_id, alias, character_id) values ('27168d4e-bbea-11ea-b6d8-ab58ae5d7a3a', 'Lumpyhead', '27168d48-bbea-11ea-b6d8-ab58ae5d7a3a');
INSERT INTO aliases (alias_id, alias, character_id) values ('27168d4f-bbea-11ea-b6d8-ab58ae5d7a3a', 'Stickboy', '27168d48-bbea-11ea-b6d8-ab58ae5d7a3a');
INSERT INTO aliases (alias_id, alias, character_id) values ('27168d50-bbea-11ea-b6d8-ab58ae5d7a3a', 'Weasel', '27168d48-bbea-11ea-b6d8-ab58ae5d7a3a');
INSERT INTO aliases (alias_id, alias, character_id) values ('27168d51-bbea-11ea-b6d8-ab58ae5d7a3a', 'Nymeria', '27168d48-bbea-11ea-b6d8-ab58ae5d7a3a');
INSERT INTO aliases (alias_id, alias, character_id) values ('27168d52-bbea-11ea-b6d8-ab58ae5d7a3a', 'Squan', '27168d48-bbea-11ea-b6d8-ab58ae5d7a3a');
INSERT INTO aliases (alias_id, alias, character_id) values ('27168d53-bbea-11ea-b6d8-ab58ae5d7a3a', 'Saltb', '27168d48-bbea-11ea-b6d8-ab58ae5d7a3a');
INSERT INTO aliases (alias_id, alias, character_id) values ('27168d54-bbea-11ea-b6d8-ab58ae5d7a3a', 'Cat of the Canaly', '27168d48-bbea-11ea-b6d8-ab58ae5d7a3a');
INSERT INTO aliases (alias_id, alias, character_id) values ('27168d55-bbea-11ea-b6d8-ab58ae5d7a3a', 'Bets', '27168d48-bbea-11ea-b6d8-ab58ae5d7a3a');
INSERT INTO aliases (alias_id, alias, character_id) values ('27168d56-bbea-11ea-b6d8-ab58ae5d7a3a', 'The Blind Girh', '27168d48-bbea-11ea-b6d8-ab58ae5d7a3a');
INSERT INTO aliases (alias_id, alias, character_id) values ('27168d57-bbea-11ea-b6d8-ab58ae5d7a3a', 'The Ugly Little Girl', '27168d48-bbea-11ea-b6d8-ab58ae5d7a3a');
INSERT INTO aliases (alias_id, alias, character_id) values ('27168d58-bbea-11ea-b6d8-ab58ae5d7a3a', 'Mercedenl', '27168d48-bbea-11ea-b6d8-ab58ae5d7a3a');
INSERT INTO aliases (alias_id, alias, character_id) values ('27168d59-bbea-11ea-b6d8-ab58ae5d7a3a', 'Mercye', '27168d48-bbea-11ea-b6d8-ab58ae5d7a3a');
INSERT INTO aliases (alias_id, alias, character_id) values ('27168d5f-bbea-11ea-b6d8-ab58ae5d7a3a', 'Esgred', '27168d5b-bbea-11ea-b6d8-ab58ae5d7a3a');
INSERT INTO aliases (alias_id, alias, character_id) values ('27168d60-bbea-11ea-b6d8-ab58ae5d7a3a', 'The Kraken''s Daughter', '27168d5b-bbea-11ea-b6d8-ab58ae5d7a3a');
INSERT INTO aliases (alias_id, alias, character_id) values ('27168d66-bbea-11ea-b6d8-ab58ae5d7a3a', 'Barristan the Bold', '27168d63-bbea-11ea-b6d8-ab58ae5d7a3a');
INSERT INTO aliases (alias_id, alias, character_id) values ('27168d67-bbea-11ea-b6d8-ab58ae5d7a3a', 'Arstan Whitebeard', '27168d63-bbea-11ea-b6d8-ab58ae5d7a3a');
INSERT INTO aliases (alias_id, alias, character_id) values ('27168d68-bbea-11ea-b6d8-ab58ae5d7a3a', 'Ser Grandfather', '27168d63-bbea-11ea-b6d8-ab58ae5d7a3a');
INSERT INTO aliases (alias_id, alias, character_id) values ('27168d69-bbea-11ea-b6d8-ab58ae5d7a3a', 'Barristan the Old', '27168d63-bbea-11ea-b6d8-ab58ae5d7a3a');
INSERT INTO aliases (alias_id, alias, character_id) values ('27168d6a-bbea-11ea-b6d8-ab58ae5d7a3a', 'Old Ser', '27168d63-bbea-11ea-b6d8-ab58ae5d7a3a');
INSERT INTO aliases (alias_id, alias, character_id) values ('27168d6f-bbea-11ea-b6d8-ab58ae5d7a3a', 'The Wolf Pup', '27168d6d-bbea-11ea-b6d8-ab58ae5d7a3a');
INSERT INTO aliases (alias_id, alias, character_id) values ('27168d70-bbea-11ea-b6d8-ab58ae5d7a3a', 'Ben Stark', '27168d6d-bbea-11ea-b6d8-ab58ae5d7a3a');
INSERT INTO aliases (alias_id, alias, character_id) values ('27168d74-bbea-11ea-b6d8-ab58ae5d7a3a', 'The lightning lord', '27168d72-bbea-11ea-b6d8-ab58ae5d7a3a');
INSERT INTO aliases (alias_id, alias, character_id) values ('27168d75-bbea-11ea-b6d8-ab58ae5d7a3a', 'The Lord of Corpses', '27168d72-bbea-11ea-b6d8-ab58ae5d7a3a');
INSERT INTO aliases (alias_id, alias, character_id) values ('27168d76-bbea-11ea-b6d8-ab58ae5d7a3a', 'Lord Derik', '27168d72-bbea-11ea-b6d8-ab58ae5d7a3a');
INSERT INTO aliases (alias_id, alias, character_id) values ('27168d7b-bbea-11ea-b6d8-ab58ae5d7a3a', 'Old Pomegranate', '27168d78-bbea-11ea-b6d8-ab58ae5d7a3a');
INSERT INTO aliases (alias_id, alias, character_id) values ('27168d7e-bbea-11ea-b6d8-ab58ae5d7a3a', 'Bran', '27168d7c-bbea-11ea-b6d8-ab58ae5d7a3a');
INSERT INTO aliases (alias_id, alias, character_id) values ('27168d7f-bbea-11ea-b6d8-ab58ae5d7a3a', 'Bran the Broken', '27168d7c-bbea-11ea-b6d8-ab58ae5d7a3a');
INSERT INTO aliases (alias_id, alias, character_id) values ('27168d80-bbea-11ea-b6d8-ab58ae5d7a3a', 'The Winged Wolf', '27168d7c-bbea-11ea-b6d8-ab58ae5d7a3a');
INSERT INTO aliases (alias_id, alias, character_id) values ('27168d83-bbea-11ea-b6d8-ab58ae5d7a3a', 'The Maid of Tarth', '27168d82-bbea-11ea-b6d8-ab58ae5d7a3a');
INSERT INTO aliases (alias_id, alias, character_id) values ('27168d84-bbea-11ea-b6d8-ab58ae5d7a3a', 'Brienne the Beauty', '27168d82-bbea-11ea-b6d8-ab58ae5d7a3a');
INSERT INTO aliases (alias_id, alias, character_id) values ('27168d85-bbea-11ea-b6d8-ab58ae5d7a3a', 'Brienne the Blue', '27168d82-bbea-11ea-b6d8-ab58ae5d7a3a');
INSERT INTO aliases (alias_id, alias, character_id) values ('27168d8c-bbea-11ea-b6d8-ab58ae5d7a3a', 'Ser Bronn of the Blackwater', '27168d89-bbea-11ea-b6d8-ab58ae5d7a3a');
INSERT INTO aliases (alias_id, alias, character_id) values ('27168d8d-bbea-11ea-b6d8-ab58ae5d7a3a', 'Lord Stokeworth', '27168d89-bbea-11ea-b6d8-ab58ae5d7a3a');
INSERT INTO aliases (alias_id, alias, character_id) values ('27168d93-bbea-11ea-b6d8-ab58ae5d7a3a', 'Blackfish', '27168d8f-bbea-11ea-b6d8-ab58ae5d7a3a');
INSERT INTO aliases (alias_id, alias, character_id) values ('27168d94-bbea-11ea-b6d8-ab58ae5d7a3a', 'Ser Brynden the Blackfish', '27168d8f-bbea-11ea-b6d8-ab58ae5d7a3a');
INSERT INTO aliases (alias_id, alias, character_id) values ('27168d95-bbea-11ea-b6d8-ab58ae5d7a3a', 'Brynden Blackfish', '27168d8f-bbea-11ea-b6d8-ab58ae5d7a3a');
INSERT INTO aliases (alias_id, alias, character_id) values ('27168d9a-bbea-11ea-b6d8-ab58ae5d7a3a', 'Catelyn Tully', '27168d98-bbea-11ea-b6d8-ab58ae5d7a3a');
INSERT INTO aliases (alias_id, alias, character_id) values ('27168d9b-bbea-11ea-b6d8-ab58ae5d7a3a', 'Lady Stoneheart', '27168d98-bbea-11ea-b6d8-ab58ae5d7a3a');
INSERT INTO aliases (alias_id, alias, character_id) values ('27168d9c-bbea-11ea-b6d8-ab58ae5d7a3a', 'The Silent Sistet', '27168d98-bbea-11ea-b6d8-ab58ae5d7a3a');
INSERT INTO aliases (alias_id, alias, character_id) values ('27168d9d-bbea-11ea-b6d8-ab58ae5d7a3a', 'Mother Mercilesr', '27168d98-bbea-11ea-b6d8-ab58ae5d7a3a');
INSERT INTO aliases (alias_id, alias, character_id) values ('27168d9e-bbea-11ea-b6d8-ab58ae5d7a3a', 'The Hangwomans', '27168d98-bbea-11ea-b6d8-ab58ae5d7a3a');
INSERT INTO aliases (alias_id, alias, character_id) values ('27168da7-bbea-11ea-b6d8-ab58ae5d7a3a', 'Brotherfuckerthe bitch queen', '27168da1-bbea-11ea-b6d8-ab58ae5d7a3a');
INSERT INTO aliases (alias_id, alias, character_id) values ('27168dad-bbea-11ea-b6d8-ab58ae5d7a3a', 'Dontos the Red', '27168dab-bbea-11ea-b6d8-ab58ae5d7a3a');
INSERT INTO aliases (alias_id, alias, character_id) values ('27168dae-bbea-11ea-b6d8-ab58ae5d7a3a', 'Dontos the Drunk', '27168dab-bbea-11ea-b6d8-ab58ae5d7a3a');
INSERT INTO aliases (alias_id, alias, character_id) values ('27168daf-bbea-11ea-b6d8-ab58ae5d7a3a', 'Florian', '27168dab-bbea-11ea-b6d8-ab58ae5d7a3a');
INSERT INTO aliases (alias_id, alias, character_id) values ('27168dba-bbea-11ea-b6d8-ab58ae5d7a3a', 'Ned', '27168db4-bbea-11ea-b6d8-ab58ae5d7a3a');
INSERT INTO aliases (alias_id, alias, character_id) values ('27168dbb-bbea-11ea-b6d8-ab58ae5d7a3a', 'The Ned', '27168db4-bbea-11ea-b6d8-ab58ae5d7a3a');
INSERT INTO aliases (alias_id, alias, character_id) values ('27168dbc-bbea-11ea-b6d8-ab58ae5d7a3a', 'The Quiet Wolf', '27168db4-bbea-11ea-b6d8-ab58ae5d7a3a');
INSERT INTO aliases (alias_id, alias, character_id) values ('27168dbf-bbea-11ea-b6d8-ab58ae5d7a3a', 'Dolorous Edd', '27168dbe-bbea-11ea-b6d8-ab58ae5d7a3a');
INSERT INTO aliases (alias_id, alias, character_id) values ('27168dc6-bbea-11ea-b6d8-ab58ae5d7a3a', 'The serpent''s whore', '27168dc5-bbea-11ea-b6d8-ab58ae5d7a3a');
INSERT INTO aliases (alias_id, alias, character_id) values ('27168dcf-bbea-11ea-b6d8-ab58ae5d7a3a', 'The White Bull', '27168dcc-bbea-11ea-b6d8-ab58ae5d7a3a');
INSERT INTO aliases (alias_id, alias, character_id) values ('27168dd2-bbea-11ea-b6d8-ab58ae5d7a3a', 'Aurochs', '27168dd1-bbea-11ea-b6d8-ab58ae5d7a3a');
INSERT INTO aliases (alias_id, alias, character_id) values ('27168ddc-bbea-11ea-b6d8-ab58ae5d7a3a', 'The Fool of Florent', '27168dd9-bbea-11ea-b6d8-ab58ae5d7a3a');
INSERT INTO aliases (alias_id, alias, character_id) values ('27168de2-bbea-11ea-b6d8-ab58ae5d7a3a', 'The Kingslayer', '27168dde-bbea-11ea-b6d8-ab58ae5d7a3a');
INSERT INTO aliases (alias_id, alias, character_id) values ('27168de3-bbea-11ea-b6d8-ab58ae5d7a3a', 'The Lion of Lannister', '27168dde-bbea-11ea-b6d8-ab58ae5d7a3a');
INSERT INTO aliases (alias_id, alias, character_id) values ('27168de4-bbea-11ea-b6d8-ab58ae5d7a3a', 'The Young Lion', '27168dde-bbea-11ea-b6d8-ab58ae5d7a3a');
INSERT INTO aliases (alias_id, alias, character_id) values ('27168de5-bbea-11ea-b6d8-ab58ae5d7a3a', 'Cripple', '27168dde-bbea-11ea-b6d8-ab58ae5d7a3a');
INSERT INTO aliases (alias_id, alias, character_id) values ('27168ded-bbea-11ea-b6d8-ab58ae5d7a3a', 'The Old Bear', '27168dea-bbea-11ea-b6d8-ab58ae5d7a3a');
INSERT INTO aliases (alias_id, alias, character_id) values ('27168df3-bbea-11ea-b6d8-ab58ae5d7a3a', 'Joffrey the Illborn', '27168def-bbea-11ea-b6d8-ab58ae5d7a3a');
INSERT INTO aliases (alias_id, alias, character_id) values ('27168df4-bbea-11ea-b6d8-ab58ae5d7a3a', 'The Young Usurper', '27168def-bbea-11ea-b6d8-ab58ae5d7a3a');
INSERT INTO aliases (alias_id, alias, character_id) values ('27168df5-bbea-11ea-b6d8-ab58ae5d7a3a', 'Aerys the Third', '27168def-bbea-11ea-b6d8-ab58ae5d7a3a');
INSERT INTO aliases (alias_id, alias, character_id) values ('27168df6-bbea-11ea-b6d8-ab58ae5d7a3a', 'Joffrey-called-Baratheon', '27168def-bbea-11ea-b6d8-ab58ae5d7a3a');
INSERT INTO aliases (alias_id, alias, character_id) values ('27168df8-bbea-11ea-b6d8-ab58ae5d7a3a', 'Little Grandfather', '27168df7-bbea-11ea-b6d8-ab58ae5d7a3a');
INSERT INTO aliases (alias_id, alias, character_id) values ('27168e02-bbea-11ea-b6d8-ab58ae5d7a3a', 'Lord Snow', '27168e00-bbea-11ea-b6d8-ab58ae5d7a3a');
INSERT INTO aliases (alias_id, alias, character_id) values ('27168e03-bbea-11ea-b6d8-ab58ae5d7a3a', 'Ned Stark''s Bastard', '27168e00-bbea-11ea-b6d8-ab58ae5d7a3a');
INSERT INTO aliases (alias_id, alias, character_id) values ('27168e04-bbea-11ea-b6d8-ab58ae5d7a3a', 'The Snow of Winterfell', '27168e00-bbea-11ea-b6d8-ab58ae5d7a3a');
INSERT INTO aliases (alias_id, alias, character_id) values ('27168e05-bbea-11ea-b6d8-ab58ae5d7a3a', 'The Crow-Come-Over', '27168e00-bbea-11ea-b6d8-ab58ae5d7a3a');
INSERT INTO aliases (alias_id, alias, character_id) values ('27168e06-bbea-11ea-b6d8-ab58ae5d7a3a', 'The 998th Lord Commander of the Night''s Watch', '27168e00-bbea-11ea-b6d8-ab58ae5d7a3a');
INSERT INTO aliases (alias_id, alias, character_id) values ('27168e07-bbea-11ea-b6d8-ab58ae5d7a3a', 'The Bastard of Winterfell', '27168e00-bbea-11ea-b6d8-ab58ae5d7a3a');
INSERT INTO aliases (alias_id, alias, character_id) values ('27168e08-bbea-11ea-b6d8-ab58ae5d7a3a', 'The Black Bastard of the Wall', '27168e00-bbea-11ea-b6d8-ab58ae5d7a3a');
INSERT INTO aliases (alias_id, alias, character_id) values ('27168e09-bbea-11ea-b6d8-ab58ae5d7a3a', 'Lord Crow', '27168e00-bbea-11ea-b6d8-ab58ae5d7a3a');
INSERT INTO aliases (alias_id, alias, character_id) values ('27168e0d-bbea-11ea-b6d8-ab58ae5d7a3a', 'The Greatjon', '27168e0b-bbea-11ea-b6d8-ab58ae5d7a3a');
INSERT INTO aliases (alias_id, alias, character_id) values ('27168e0e-bbea-11ea-b6d8-ab58ae5d7a3a', 'Greatjon Umber', '27168e0b-bbea-11ea-b6d8-ab58ae5d7a3a');
INSERT INTO aliases (alias_id, alias, character_id) values ('27168e11-bbea-11ea-b6d8-ab58ae5d7a3a', 'The Smalljon', '27168e10-bbea-11ea-b6d8-ab58ae5d7a3a');
INSERT INTO aliases (alias_id, alias, character_id) values ('27168e12-bbea-11ea-b6d8-ab58ae5d7a3a', 'Smalljon Umber', '27168e10-bbea-11ea-b6d8-ab58ae5d7a3a');
INSERT INTO aliases (alias_id, alias, character_id) values ('27168e29-bbea-11ea-b6d8-ab58ae5d7a3a', 'The Knight of Flowers', '27168e26-bbea-11ea-b6d8-ab58ae5d7a3a');
INSERT INTO aliases (alias_id, alias, character_id) values ('27168e2a-bbea-11ea-b6d8-ab58ae5d7a3a', 'Knight o'' Pansies', '27168e26-bbea-11ea-b6d8-ab58ae5d7a3a');
INSERT INTO aliases (alias_id, alias, character_id) values ('27168e2b-bbea-11ea-b6d8-ab58ae5d7a3a', 'Ser Daisy', '27168e26-bbea-11ea-b6d8-ab58ae5d7a3a');
INSERT INTO aliases (alias_id, alias, character_id) values ('27168e2f-bbea-11ea-b6d8-ab58ae5d7a3a', 'Lame Lothar', '27168e2d-bbea-11ea-b6d8-ab58ae5d7a3a');
INSERT INTO aliases (alias_id, alias, character_id) values ('27168e35-bbea-11ea-b6d8-ab58ae5d7a3a', 'Lysa Tully', '27168e33-bbea-11ea-b6d8-ab58ae5d7a3a');
INSERT INTO aliases (alias_id, alias, character_id) values ('27168e40-bbea-11ea-b6d8-ab58ae5d7a3a', 'Lord Oaf', '27168e39-bbea-11ea-b6d8-ab58ae5d7a3a');
INSERT INTO aliases (alias_id, alias, character_id) values ('27168e41-bbea-11ea-b6d8-ab58ae5d7a3a', 'The Fat Flower', '27168e39-bbea-11ea-b6d8-ab58ae5d7a3a');
INSERT INTO aliases (alias_id, alias, character_id) values ('27168e42-bbea-11ea-b6d8-ab58ae5d7a3a', 'Lord Puff Fish', '27168e39-bbea-11ea-b6d8-ab58ae5d7a3a');
INSERT INTO aliases (alias_id, alias, character_id) values ('27168e46-bbea-11ea-b6d8-ab58ae5d7a3a', 'The She-Bear', '27168e44-bbea-11ea-b6d8-ab58ae5d7a3a');
INSERT INTO aliases (alias_id, alias, character_id) values ('27168e53-bbea-11ea-b6d8-ab58ae5d7a3a', 'The Red Priestess', '27168e52-bbea-11ea-b6d8-ab58ae5d7a3a');
INSERT INTO aliases (alias_id, alias, character_id) values ('27168e54-bbea-11ea-b6d8-ab58ae5d7a3a', 'The Red Woman', '27168e52-bbea-11ea-b6d8-ab58ae5d7a3a');
INSERT INTO aliases (alias_id, alias, character_id) values ('27168e55-bbea-11ea-b6d8-ab58ae5d7a3a', 'The King''s Red Shadow', '27168e52-bbea-11ea-b6d8-ab58ae5d7a3a');
INSERT INTO aliases (alias_id, alias, character_id) values ('27168e56-bbea-11ea-b6d8-ab58ae5d7a3a', 'Lady Red', '27168e52-bbea-11ea-b6d8-ab58ae5d7a3a');
INSERT INTO aliases (alias_id, alias, character_id) values ('27168e57-bbea-11ea-b6d8-ab58ae5d7a3a', 'Lot Seven', '27168e52-bbea-11ea-b6d8-ab58ae5d7a3a');
INSERT INTO aliases (alias_id, alias, character_id) values ('27168e60-bbea-11ea-b6d8-ab58ae5d7a3a', 'The Queen of Thorns', '27168e5e-bbea-11ea-b6d8-ab58ae5d7a3a');
INSERT INTO aliases (alias_id, alias, character_id) values ('27168e6b-bbea-11ea-b6d8-ab58ae5d7a3a', 'Littlefinger', '27168e66-bbea-11ea-b6d8-ab58ae5d7a3a');
INSERT INTO aliases (alias_id, alias, character_id) values ('27168e6f-bbea-11ea-b6d8-ab58ae5d7a3a', 'Pod', '27168e6e-bbea-11ea-b6d8-ab58ae5d7a3a');
INSERT INTO aliases (alias_id, alias, character_id) values ('27168e72-bbea-11ea-b6d8-ab58ae5d7a3a', 'Pyp', '27168e71-bbea-11ea-b6d8-ab58ae5d7a3a');
INSERT INTO aliases (alias_id, alias, character_id) values ('27168e73-bbea-11ea-b6d8-ab58ae5d7a3a', 'Monkey', '27168e71-bbea-11ea-b6d8-ab58ae5d7a3a');
INSERT INTO aliases (alias_id, alias, character_id) values ('27168e74-bbea-11ea-b6d8-ab58ae5d7a3a', 'Mummer''s Monkey', '27168e71-bbea-11ea-b6d8-ab58ae5d7a3a');
INSERT INTO aliases (alias_id, alias, character_id) values ('27168e76-bbea-11ea-b6d8-ab58ae5d7a3a', 'Qhorin Halfhand', '27168e75-bbea-11ea-b6d8-ab58ae5d7a3a');
INSERT INTO aliases (alias_id, alias, character_id) values ('27168e7b-bbea-11ea-b6d8-ab58ae5d7a3a', 'Ramsay Bolton', '27168e77-bbea-11ea-b6d8-ab58ae5d7a3a');
INSERT INTO aliases (alias_id, alias, character_id) values ('27168e7c-bbea-11ea-b6d8-ab58ae5d7a3a', 'The Bastard of Bolton', '27168e77-bbea-11ea-b6d8-ab58ae5d7a3a');
INSERT INTO aliases (alias_id, alias, character_id) values ('27168e7d-bbea-11ea-b6d8-ab58ae5d7a3a', 'The Bastard of the Dreadfort', '27168e77-bbea-11ea-b6d8-ab58ae5d7a3a');
INSERT INTO aliases (alias_id, alias, character_id) values ('27168e7e-bbea-11ea-b6d8-ab58ae5d7a3a', 'Reek', '27168e77-bbea-11ea-b6d8-ab58ae5d7a3a');
INSERT INTO aliases (alias_id, alias, character_id) values ('27168e7f-bbea-11ea-b6d8-ab58ae5d7a3a', 'Red Helm', '27168e77-bbea-11ea-b6d8-ab58ae5d7a3a');
INSERT INTO aliases (alias_id, alias, character_id) values ('27168e80-bbea-11ea-b6d8-ab58ae5d7a3a', 'Monster', '27168e77-bbea-11ea-b6d8-ab58ae5d7a3a');
INSERT INTO aliases (alias_id, alias, character_id) values ('27168e8c-bbea-11ea-b6d8-ab58ae5d7a3a', 'The King in Highgarden', '27168e87-bbea-11ea-b6d8-ab58ae5d7a3a');
INSERT INTO aliases (alias_id, alias, character_id) values ('27168e8d-bbea-11ea-b6d8-ab58ae5d7a3a', 'The King in the South', '27168e87-bbea-11ea-b6d8-ab58ae5d7a3a');
INSERT INTO aliases (alias_id, alias, character_id) values ('27168e9e-bbea-11ea-b6d8-ab58ae5d7a3a', 'Sweetrobin', '27168e9a-bbea-11ea-b6d8-ab58ae5d7a3a');
INSERT INTO aliases (alias_id, alias, character_id) values ('27168e9f-bbea-11ea-b6d8-ab58ae5d7a3a', 'True Warden of the East', '27168e9a-bbea-11ea-b6d8-ab58ae5d7a3a');
INSERT INTO aliases (alias_id, alias, character_id) values ('27168ea6-bbea-11ea-b6d8-ab58ae5d7a3a', 'The Usurper', '27168ea1-bbea-11ea-b6d8-ab58ae5d7a3a');
INSERT INTO aliases (alias_id, alias, character_id) values ('27168ea7-bbea-11ea-b6d8-ab58ae5d7a3a', 'Demon of the Trident', '27168ea1-bbea-11ea-b6d8-ab58ae5d7a3a');
INSERT INTO aliases (alias_id, alias, character_id) values ('27168ea8-bbea-11ea-b6d8-ab58ae5d7a3a', 'The Whoremonger King', '27168ea1-bbea-11ea-b6d8-ab58ae5d7a3a');
INSERT INTO aliases (alias_id, alias, character_id) values ('27168eaf-bbea-11ea-b6d8-ab58ae5d7a3a', 'Old Ser Rodrik', '27168eab-bbea-11ea-b6d8-ab58ae5d7a3a');
INSERT INTO aliases (alias_id, alias, character_id) values ('27168eb5-bbea-11ea-b6d8-ab58ae5d7a3a', 'The Leech Lord', '27168eb2-bbea-11ea-b6d8-ab58ae5d7a3a');
INSERT INTO aliases (alias_id, alias, character_id) values ('27168ebb-bbea-11ea-b6d8-ab58ae5d7a3a', 'Sam', '27168eba-bbea-11ea-b6d8-ab58ae5d7a3a');
INSERT INTO aliases (alias_id, alias, character_id) values ('27168ebc-bbea-11ea-b6d8-ab58ae5d7a3a', 'Ser Piggy', '27168eba-bbea-11ea-b6d8-ab58ae5d7a3a');
INSERT INTO aliases (alias_id, alias, character_id) values ('27168ebd-bbea-11ea-b6d8-ab58ae5d7a3a', 'Prince Pork-chop', '27168eba-bbea-11ea-b6d8-ab58ae5d7a3a');
INSERT INTO aliases (alias_id, alias, character_id) values ('27168ebe-bbea-11ea-b6d8-ab58ae5d7a3a', 'Lady Piggy', '27168eba-bbea-11ea-b6d8-ab58ae5d7a3a');
INSERT INTO aliases (alias_id, alias, character_id) values ('27168ebf-bbea-11ea-b6d8-ab58ae5d7a3a', 'Sam the Slayer', '27168eba-bbea-11ea-b6d8-ab58ae5d7a3a');
INSERT INTO aliases (alias_id, alias, character_id) values ('27168ec0-bbea-11ea-b6d8-ab58ae5d7a3a', 'Black Sam', '27168eba-bbea-11ea-b6d8-ab58ae5d7a3a');
INSERT INTO aliases (alias_id, alias, character_id) values ('27168ec1-bbea-11ea-b6d8-ab58ae5d7a3a', 'Lord of Ham', '27168eba-bbea-11ea-b6d8-ab58ae5d7a3a');
INSERT INTO aliases (alias_id, alias, character_id) values ('27168ec4-bbea-11ea-b6d8-ab58ae5d7a3a', 'The Hound', '27168ec3-bbea-11ea-b6d8-ab58ae5d7a3a');
INSERT INTO aliases (alias_id, alias, character_id) values ('27168ec5-bbea-11ea-b6d8-ab58ae5d7a3a', 'Dog', '27168ec3-bbea-11ea-b6d8-ab58ae5d7a3a');
INSERT INTO aliases (alias_id, alias, character_id) values ('27168eca-bbea-11ea-b6d8-ab58ae5d7a3a', 'Little bird', '27168ec8-bbea-11ea-b6d8-ab58ae5d7a3a');
INSERT INTO aliases (alias_id, alias, character_id) values ('27168ecb-bbea-11ea-b6d8-ab58ae5d7a3a', 'Alayne Stone', '27168ec8-bbea-11ea-b6d8-ab58ae5d7a3a');
INSERT INTO aliases (alias_id, alias, character_id) values ('27168ecc-bbea-11ea-b6d8-ab58ae5d7a3a', 'Jonquil', '27168ec8-bbea-11ea-b6d8-ab58ae5d7a3a');
INSERT INTO aliases (alias_id, alias, character_id) values ('27168edb-bbea-11ea-b6d8-ab58ae5d7a3a', 'Prince of Fools', '27168ed7-bbea-11ea-b6d8-ab58ae5d7a3a');
INSERT INTO aliases (alias_id, alias, character_id) values ('27168edc-bbea-11ea-b6d8-ab58ae5d7a3a', 'Theon Turncloak', '27168ed7-bbea-11ea-b6d8-ab58ae5d7a3a');
INSERT INTO aliases (alias_id, alias, character_id) values ('27168edd-bbea-11ea-b6d8-ab58ae5d7a3a', 'Reek', '27168ed7-bbea-11ea-b6d8-ab58ae5d7a3a');
INSERT INTO aliases (alias_id, alias, character_id) values ('27168ede-bbea-11ea-b6d8-ab58ae5d7a3a', 'Theon Kinslayer', '27168ed7-bbea-11ea-b6d8-ab58ae5d7a3a');
INSERT INTO aliases (alias_id, alias, character_id) values ('27168ee3-bbea-11ea-b6d8-ab58ae5d7a3a', 'The Boy King', '27168ee0-bbea-11ea-b6d8-ab58ae5d7a3a');
INSERT INTO aliases (alias_id, alias, character_id) values ('27168ee5-bbea-11ea-b6d8-ab58ae5d7a3a', 'Torr', '27168ee4-bbea-11ea-b6d8-ab58ae5d7a3a');
INSERT INTO aliases (alias_id, alias, character_id) values ('27168eed-bbea-11ea-b6d8-ab58ae5d7a3a', 'The Imp', '27168eea-bbea-11ea-b6d8-ab58ae5d7a3a');
INSERT INTO aliases (alias_id, alias, character_id) values ('27168eee-bbea-11ea-b6d8-ab58ae5d7a3a', 'Halfman', '27168eea-bbea-11ea-b6d8-ab58ae5d7a3a');
INSERT INTO aliases (alias_id, alias, character_id) values ('27168eef-bbea-11ea-b6d8-ab58ae5d7a3a', 'The boyman', '27168eea-bbea-11ea-b6d8-ab58ae5d7a3a');
INSERT INTO aliases (alias_id, alias, character_id) values ('27168ef0-bbea-11ea-b6d8-ab58ae5d7a3a', 'Giant of Lannister', '27168eea-bbea-11ea-b6d8-ab58ae5d7a3a');
INSERT INTO aliases (alias_id, alias, character_id) values ('27168ef1-bbea-11ea-b6d8-ab58ae5d7a3a', 'Lord Tywin''s Doom', '27168eea-bbea-11ea-b6d8-ab58ae5d7a3a');
INSERT INTO aliases (alias_id, alias, character_id) values ('27168ef2-bbea-11ea-b6d8-ab58ae5d7a3a', 'Lord Tywin''s Bane', '27168eea-bbea-11ea-b6d8-ab58ae5d7a3a');
INSERT INTO aliases (alias_id, alias, character_id) values ('27168ef3-bbea-11ea-b6d8-ab58ae5d7a3a', 'Yollo', '27168eea-bbea-11ea-b6d8-ab58ae5d7a3a');
INSERT INTO aliases (alias_id, alias, character_id) values ('27168ef4-bbea-11ea-b6d8-ab58ae5d7a3a', 'Hugor Hill', '27168eea-bbea-11ea-b6d8-ab58ae5d7a3a');
INSERT INTO aliases (alias_id, alias, character_id) values ('27168ef5-bbea-11ea-b6d8-ab58ae5d7a3a', 'No-Nose', '27168eea-bbea-11ea-b6d8-ab58ae5d7a3a');
INSERT INTO aliases (alias_id, alias, character_id) values ('27168ef6-bbea-11ea-b6d8-ab58ae5d7a3a', 'Freak', '27168eea-bbea-11ea-b6d8-ab58ae5d7a3a');
INSERT INTO aliases (alias_id, alias, character_id) values ('27168ef7-bbea-11ea-b6d8-ab58ae5d7a3a', 'Dwarf', '27168eea-bbea-11ea-b6d8-ab58ae5d7a3a');
INSERT INTO aliases (alias_id, alias, character_id) values ('27168f00-bbea-11ea-b6d8-ab58ae5d7a3a', 'The Beggar King', '27168efe-bbea-11ea-b6d8-ab58ae5d7a3a');
INSERT INTO aliases (alias_id, alias, character_id) values ('27168f01-bbea-11ea-b6d8-ab58ae5d7a3a', 'Khal Rhaggat (The Cart King)', '27168efe-bbea-11ea-b6d8-ab58ae5d7a3a');
INSERT INTO aliases (alias_id, alias, character_id) values ('27168f04-bbea-11ea-b6d8-ab58ae5d7a3a', 'Fat Walda', '27168f03-bbea-11ea-b6d8-ab58ae5d7a3a');
INSERT INTO aliases (alias_id, alias, character_id) values ('27168f05-bbea-11ea-b6d8-ab58ae5d7a3a', 'Walda Bolton', '27168f03-bbea-11ea-b6d8-ab58ae5d7a3a');
INSERT INTO aliases (alias_id, alias, character_id) values ('27168f09-bbea-11ea-b6d8-ab58ae5d7a3a', 'Black Walder', '27168f08-bbea-11ea-b6d8-ab58ae5d7a3a');
INSERT INTO aliases (alias_id, alias, character_id) values ('27168f0d-bbea-11ea-b6d8-ab58ae5d7a3a', 'The Late Lord Frey', '27168f0b-bbea-11ea-b6d8-ab58ae5d7a3a');
INSERT INTO aliases (alias_id, alias, character_id) values ('27168f0e-bbea-11ea-b6d8-ab58ae5d7a3a', 'Old Frey', '27168f0b-bbea-11ea-b6d8-ab58ae5d7a3a');
INSERT INTO aliases (alias_id, alias, character_id) values ('27168f18-bbea-11ea-b6d8-ab58ae5d7a3a', 'Bronze Yohn', '27168f16-bbea-11ea-b6d8-ab58ae5d7a3a');
INSERT INTO aliases (alias_id, alias, character_id) values ('27168f1f-bbea-11ea-b6d8-ab58ae5d7a3a', 'The Archer', '27168f1e-bbea-11ea-b6d8-ab58ae5d7a3a');
INSERT INTO aliases (alias_id, alias, character_id) values ('27168f28-bbea-11ea-b6d8-ab58ae5d7a3a', 'Lord Bloodraven', '27168f24-bbea-11ea-b6d8-ab58ae5d7a3a');
INSERT INTO aliases (alias_id, alias, character_id) values ('27168f29-bbea-11ea-b6d8-ab58ae5d7a3a', 'The three-eyed crow', '27168f24-bbea-11ea-b6d8-ab58ae5d7a3a');
INSERT INTO aliases (alias_id, alias, character_id) values ('27168f35-bbea-11ea-b6d8-ab58ae5d7a3a', 'Bastard of Godsgrace', '27168f33-bbea-11ea-b6d8-ab58ae5d7a3a');
INSERT INTO aliases (alias_id, alias, character_id) values ('27168f3d-bbea-11ea-b6d8-ab58ae5d7a3a', 'Dany', '27168f37-bbea-11ea-b6d8-ab58ae5d7a3a');
INSERT INTO aliases (alias_id, alias, character_id) values ('27168f3e-bbea-11ea-b6d8-ab58ae5d7a3a', 'Daenerys Stormborn', '27168f37-bbea-11ea-b6d8-ab58ae5d7a3a');
INSERT INTO aliases (alias_id, alias, character_id) values ('27168f3f-bbea-11ea-b6d8-ab58ae5d7a3a', 'The Unburnt', '27168f37-bbea-11ea-b6d8-ab58ae5d7a3a');
INSERT INTO aliases (alias_id, alias, character_id) values ('27168f40-bbea-11ea-b6d8-ab58ae5d7a3a', 'Mother of Dragons', '27168f37-bbea-11ea-b6d8-ab58ae5d7a3a');
INSERT INTO aliases (alias_id, alias, character_id) values ('27168f41-bbea-11ea-b6d8-ab58ae5d7a3a', 'Mother', '27168f37-bbea-11ea-b6d8-ab58ae5d7a3a');
INSERT INTO aliases (alias_id, alias, character_id) values ('27168f42-bbea-11ea-b6d8-ab58ae5d7a3a', 'Mhysa', '27168f37-bbea-11ea-b6d8-ab58ae5d7a3a');
INSERT INTO aliases (alias_id, alias, character_id) values ('27168f43-bbea-11ea-b6d8-ab58ae5d7a3a', 'The Silver Queen', '27168f37-bbea-11ea-b6d8-ab58ae5d7a3a');
INSERT INTO aliases (alias_id, alias, character_id) values ('27168f44-bbea-11ea-b6d8-ab58ae5d7a3a', 'Silver Lady', '27168f37-bbea-11ea-b6d8-ab58ae5d7a3a');
INSERT INTO aliases (alias_id, alias, character_id) values ('27168f45-bbea-11ea-b6d8-ab58ae5d7a3a', 'Dragonmother', '27168f37-bbea-11ea-b6d8-ab58ae5d7a3a');
INSERT INTO aliases (alias_id, alias, character_id) values ('27168f46-bbea-11ea-b6d8-ab58ae5d7a3a', 'The Dragon Queen', '27168f37-bbea-11ea-b6d8-ab58ae5d7a3a');
INSERT INTO aliases (alias_id, alias, character_id) values ('27168f47-bbea-11ea-b6d8-ab58ae5d7a3a', 'The Mad King''s daughter', '27168f37-bbea-11ea-b6d8-ab58ae5d7a3a');
INSERT INTO aliases (alias_id, alias, character_id) values ('27168f4b-bbea-11ea-b6d8-ab58ae5d7a3a', 'Dagmer Cleftjaw', '27168f49-bbea-11ea-b6d8-ab58ae5d7a3a');
INSERT INTO aliases (alias_id, alias, character_id) values ('27168f52-bbea-11ea-b6d8-ab58ae5d7a3a', 'Onion Knight', '27168f4d-bbea-11ea-b6d8-ab58ae5d7a3a');
INSERT INTO aliases (alias_id, alias, character_id) values ('27168f53-bbea-11ea-b6d8-ab58ae5d7a3a', 'Davos Shorthand', '27168f4d-bbea-11ea-b6d8-ab58ae5d7a3a');
INSERT INTO aliases (alias_id, alias, character_id) values ('27168f54-bbea-11ea-b6d8-ab58ae5d7a3a', 'Ser Onions', '27168f4d-bbea-11ea-b6d8-ab58ae5d7a3a');
INSERT INTO aliases (alias_id, alias, character_id) values ('27168f55-bbea-11ea-b6d8-ab58ae5d7a3a', 'Onion Lord', '27168f4d-bbea-11ea-b6d8-ab58ae5d7a3a');
INSERT INTO aliases (alias_id, alias, character_id) values ('27168f56-bbea-11ea-b6d8-ab58ae5d7a3a', 'Smuggler', '27168f4d-bbea-11ea-b6d8-ab58ae5d7a3a');
INSERT INTO aliases (alias_id, alias, character_id) values ('27168f5f-bbea-11ea-b6d8-ab58ae5d7a3a', 'Great Rider', '27168f5d-bbea-11ea-b6d8-ab58ae5d7a3a');
INSERT INTO aliases (alias_id, alias, character_id) values ('27168f60-bbea-11ea-b6d8-ab58ae5d7a3a', 'Great Khal', '27168f5d-bbea-11ea-b6d8-ab58ae5d7a3a');
INSERT INTO aliases (alias_id, alias, character_id) values ('27168f65-bbea-11ea-b6d8-ab58ae5d7a3a', 'The Bull', '27168f63-bbea-11ea-b6d8-ab58ae5d7a3a');
INSERT INTO aliases (alias_id, alias, character_id) values ('27168f66-bbea-11ea-b6d8-ab58ae5d7a3a', 'Ser Gendry of the hollow hill', '27168f63-bbea-11ea-b6d8-ab58ae5d7a3a');
INSERT INTO aliases (alias_id, alias, character_id) values ('27168f68-bbea-11ea-b6d8-ab58ae5d7a3a', 'the rabbit keeper', '27168f67-bbea-11ea-b6d8-ab58ae5d7a3a');
INSERT INTO aliases (alias_id, alias, character_id) values ('27168f6c-bbea-11ea-b6d8-ab58ae5d7a3a', 'The Mountain That Rides', '27168f69-bbea-11ea-b6d8-ab58ae5d7a3a');
INSERT INTO aliases (alias_id, alias, character_id) values ('27168f6d-bbea-11ea-b6d8-ab58ae5d7a3a', 'The Mountain', '27168f69-bbea-11ea-b6d8-ab58ae5d7a3a');
INSERT INTO aliases (alias_id, alias, character_id) values ('27168f6e-bbea-11ea-b6d8-ab58ae5d7a3a', 'The Great Dog', '27168f69-bbea-11ea-b6d8-ab58ae5d7a3a');
INSERT INTO aliases (alias_id, alias, character_id) values ('27168f76-bbea-11ea-b6d8-ab58ae5d7a3a', 'Hallyne the Pryomancer', '27168f73-bbea-11ea-b6d8-ab58ae5d7a3a');
INSERT INTO aliases (alias_id, alias, character_id) values ('27168f7d-bbea-11ea-b6d8-ab58ae5d7a3a', 'Hizdak', '27168f77-bbea-11ea-b6d8-ab58ae5d7a3a');
INSERT INTO aliases (alias_id, alias, character_id) values ('27168f7e-bbea-11ea-b6d8-ab58ae5d7a3a', 'Hizdahr of the tepid kisses', '27168f77-bbea-11ea-b6d8-ab58ae5d7a3a');
INSERT INTO aliases (alias_id, alias, character_id) values ('27168f83-bbea-11ea-b6d8-ab58ae5d7a3a', 'The Cheesemonger', '27168f81-bbea-11ea-b6d8-ab58ae5d7a3a');
INSERT INTO aliases (alias_id, alias, character_id) values ('27168f84-bbea-11ea-b6d8-ab58ae5d7a3a', 'The Fat Man', '27168f81-bbea-11ea-b6d8-ab58ae5d7a3a');
INSERT INTO aliases (alias_id, alias, character_id) values ('27168f85-bbea-11ea-b6d8-ab58ae5d7a3a', 'The Lord of Cheese', '27168f81-bbea-11ea-b6d8-ab58ae5d7a3a');
INSERT INTO aliases (alias_id, alias, character_id) values ('27168f8a-bbea-11ea-b6d8-ab58ae5d7a3a', 'Lorath', '27168f89-bbea-11ea-b6d8-ab58ae5d7a3a');
INSERT INTO aliases (alias_id, alias, character_id) values ('27168f93-bbea-11ea-b6d8-ab58ae5d7a3a', 'Jorah the Andal', '27168f90-bbea-11ea-b6d8-ab58ae5d7a3a');
INSERT INTO aliases (alias_id, alias, character_id) values ('27168f94-bbea-11ea-b6d8-ab58ae5d7a3a', 'Bear', '27168f90-bbea-11ea-b6d8-ab58ae5d7a3a');
INSERT INTO aliases (alias_id, alias, character_id) values ('27168f98-bbea-11ea-b6d8-ab58ae5d7a3a', 'Clubfoot Karl', '27168f97-bbea-11ea-b6d8-ab58ae5d7a3a');
INSERT INTO aliases (alias_id, alias, character_id) values ('27168f9b-bbea-11ea-b6d8-ab58ae5d7a3a', 'Lem Lemoncloak', '27168f9a-bbea-11ea-b6d8-ab58ae5d7a3a');
INSERT INTO aliases (alias_id, alias, character_id) values ('27168f9c-bbea-11ea-b6d8-ab58ae5d7a3a', 'The Lemon', '27168f9a-bbea-11ea-b6d8-ab58ae5d7a3a');
INSERT INTO aliases (alias_id, alias, character_id) values ('27168f9d-bbea-11ea-b6d8-ab58ae5d7a3a', 'Yellow cloak', '27168f9a-bbea-11ea-b6d8-ab58ae5d7a3a');
INSERT INTO aliases (alias_id, alias, character_id) values ('27168f9f-bbea-11ea-b6d8-ab58ae5d7a3a', 'Lommy Greenhands', '27168f9e-bbea-11ea-b6d8-ab58ae5d7a3a');
INSERT INTO aliases (alias_id, alias, character_id) values ('27168fa1-bbea-11ea-b6d8-ab58ae5d7a3a', 'Rattleshirt', '27168fa0-bbea-11ea-b6d8-ab58ae5d7a3a');
INSERT INTO aliases (alias_id, alias, character_id) values ('27168fa2-bbea-11ea-b6d8-ab58ae5d7a3a', 'Lord o'' Bones', '27168fa0-bbea-11ea-b6d8-ab58ae5d7a3a');
INSERT INTO aliases (alias_id, alias, character_id) values ('27168fa3-bbea-11ea-b6d8-ab58ae5d7a3a', 'Bag o'' Bones', '27168fa0-bbea-11ea-b6d8-ab58ae5d7a3a');
INSERT INTO aliases (alias_id, alias, character_id) values ('27168fa5-bbea-11ea-b6d8-ab58ae5d7a3a', 'Black Lorren', '27168fa4-bbea-11ea-b6d8-ab58ae5d7a3a');
INSERT INTO aliases (alias_id, alias, character_id) values ('27168fa9-bbea-11ea-b6d8-ab58ae5d7a3a', 'The She-Wolf', '27168fa8-bbea-11ea-b6d8-ab58ae5d7a3a');
INSERT INTO aliases (alias_id, alias, character_id) values ('27168faa-bbea-11ea-b6d8-ab58ae5d7a3a', 'The Wolf Maid', '27168fa8-bbea-11ea-b6d8-ab58ae5d7a3a');
INSERT INTO aliases (alias_id, alias, character_id) values ('27168fab-bbea-11ea-b6d8-ab58ae5d7a3a', 'Lya', '27168fa8-bbea-11ea-b6d8-ab58ae5d7a3a');
INSERT INTO aliases (alias_id, alias, character_id) values ('27168fae-bbea-11ea-b6d8-ab58ae5d7a3a', 'Maggy the Frog', '27168fad-bbea-11ea-b6d8-ab58ae5d7a3a');
INSERT INTO aliases (alias_id, alias, character_id) values ('27168fb3-bbea-11ea-b6d8-ab58ae5d7a3a', 'The Mance', '27168fb1-bbea-11ea-b6d8-ab58ae5d7a3a');
INSERT INTO aliases (alias_id, alias, character_id) values ('27168fb4-bbea-11ea-b6d8-ab58ae5d7a3a', 'Abel', '27168fb1-bbea-11ea-b6d8-ab58ae5d7a3a');
INSERT INTO aliases (alias_id, alias, character_id) values ('27168fb5-bbea-11ea-b6d8-ab58ae5d7a3a', 'The Unburnt King', '27168fb1-bbea-11ea-b6d8-ab58ae5d7a3a');
INSERT INTO aliases (alias_id, alias, character_id) values ('27168fbc-bbea-11ea-b6d8-ab58ae5d7a3a', 'The Titan''s Bastard', '27168fbb-bbea-11ea-b6d8-ab58ae5d7a3a');
INSERT INTO aliases (alias_id, alias, character_id) values ('27168fbd-bbea-11ea-b6d8-ab58ae5d7a3a', 'Mero of Braavos', '27168fbb-bbea-11ea-b6d8-ab58ae5d7a3a');
INSERT INTO aliases (alias_id, alias, character_id) values ('27168fcb-bbea-11ea-b6d8-ab58ae5d7a3a', 'Old Nan', '27168fca-bbea-11ea-b6d8-ab58ae5d7a3a');
INSERT INTO aliases (alias_id, alias, character_id) values ('27168fce-bbea-11ea-b6d8-ab58ae5d7a3a', 'Lady Nym', '27168fcd-bbea-11ea-b6d8-ab58ae5d7a3a');
INSERT INTO aliases (alias_id, alias, character_id) values ('27168fd4-bbea-11ea-b6d8-ab58ae5d7a3a', 'The Red Viper', '27168fd2-bbea-11ea-b6d8-ab58ae5d7a3a');
INSERT INTO aliases (alias_id, alias, character_id) values ('27168fdc-bbea-11ea-b6d8-ab58ae5d7a3a', 'Polly', '27168fda-bbea-11ea-b6d8-ab58ae5d7a3a');
INSERT INTO aliases (alias_id, alias, character_id) values ('27168fe9-bbea-11ea-b6d8-ab58ae5d7a3a', 'Quaithe of the Shadow', '27168fe8-bbea-11ea-b6d8-ab58ae5d7a3a');
INSERT INTO aliases (alias_id, alias, character_id) values ('27168fec-bbea-11ea-b6d8-ab58ae5d7a3a', 'The Bloody Maester', '27168fea-bbea-11ea-b6d8-ab58ae5d7a3a');
INSERT INTO aliases (alias_id, alias, character_id) values ('27168ff3-bbea-11ea-b6d8-ab58ae5d7a3a', 'Rat', '27168ff2-bbea-11ea-b6d8-ab58ae5d7a3a');
INSERT INTO aliases (alias_id, alias, character_id) values ('27168ff7-bbea-11ea-b6d8-ab58ae5d7a3a', 'The Young Wolf', '27168ff4-bbea-11ea-b6d8-ab58ae5d7a3a');
INSERT INTO aliases (alias_id, alias, character_id) values ('27168ff8-bbea-11ea-b6d8-ab58ae5d7a3a', 'The King Who Lost the North', '27168ff4-bbea-11ea-b6d8-ab58ae5d7a3a');
INSERT INTO aliases (alias_id, alias, character_id) values ('27168ff9-bbea-11ea-b6d8-ab58ae5d7a3a', 'Robb the Lord', '27168ff4-bbea-11ea-b6d8-ab58ae5d7a3a');
INSERT INTO aliases (alias_id, alias, character_id) values ('27168ffa-bbea-11ea-b6d8-ab58ae5d7a3a', 'The Boy Wolf', '27168ff4-bbea-11ea-b6d8-ab58ae5d7a3a');
INSERT INTO aliases (alias_id, alias, character_id) values ('27168ffc-bbea-11ea-b6d8-ab58ae5d7a3a', 'Broken Nose', '27168ffb-bbea-11ea-b6d8-ab58ae5d7a3a');
INSERT INTO aliases (alias_id, alias, character_id) values ('27168ffd-bbea-11ea-b6d8-ab58ae5d7a3a', 'The Mad Dog of Saltpans', '27168ffb-bbea-11ea-b6d8-ab58ae5d7a3a');
INSERT INTO aliases (alias_id, alias, character_id) values ('27168ffe-bbea-11ea-b6d8-ab58ae5d7a3a', 'The Hound (II)', '27168ffb-bbea-11ea-b6d8-ab58ae5d7a3a');
INSERT INTO aliases (alias_id, alias, character_id) values ('27169003-bbea-11ea-b6d8-ab58ae5d7a3a', 'Salla', '27169001-bbea-11ea-b6d8-ab58ae5d7a3a');
INSERT INTO aliases (alias_id, alias, character_id) values ('27169008-bbea-11ea-b6d8-ab58ae5d7a3a', 'Light of the North', '27169005-bbea-11ea-b6d8-ab58ae5d7a3a');
INSERT INTO aliases (alias_id, alias, character_id) values ('27169012-bbea-11ea-b6d8-ab58ae5d7a3a', 'The King in the Narrow Sea', '2716900c-bbea-11ea-b6d8-ab58ae5d7a3a');
INSERT INTO aliases (alias_id, alias, character_id) values ('27169013-bbea-11ea-b6d8-ab58ae5d7a3a', 'The King of the Painted Table', '2716900c-bbea-11ea-b6d8-ab58ae5d7a3a');
INSERT INTO aliases (alias_id, alias, character_id) values ('27169014-bbea-11ea-b6d8-ab58ae5d7a3a', 'The King of Dragonstone', '2716900c-bbea-11ea-b6d8-ab58ae5d7a3a');
INSERT INTO aliases (alias_id, alias, character_id) values ('27169015-bbea-11ea-b6d8-ab58ae5d7a3a', 'The King at the Wall', '2716900c-bbea-11ea-b6d8-ab58ae5d7a3a');
INSERT INTO aliases (alias_id, alias, character_id) values ('27169016-bbea-11ea-b6d8-ab58ae5d7a3a', 'Azor Ahai reborncome again', '2716900c-bbea-11ea-b6d8-ab58ae5d7a3a');
INSERT INTO aliases (alias_id, alias, character_id) values ('27169020-bbea-11ea-b6d8-ab58ae5d7a3a', 'the Tickler', '2716901f-bbea-11ea-b6d8-ab58ae5d7a3a');
INSERT INTO aliases (alias_id, alias, character_id) values ('27169023-bbea-11ea-b6d8-ab58ae5d7a3a', 'The red wizard', '27169022-bbea-11ea-b6d8-ab58ae5d7a3a');
INSERT INTO aliases (alias_id, alias, character_id) values ('27169024-bbea-11ea-b6d8-ab58ae5d7a3a', 'The Ember', '27169022-bbea-11ea-b6d8-ab58ae5d7a3a');
INSERT INTO aliases (alias_id, alias, character_id) values ('27169027-bbea-11ea-b6d8-ab58ae5d7a3a', 'Timett One-Eye', '27169025-bbea-11ea-b6d8-ab58ae5d7a3a');
INSERT INTO aliases (alias_id, alias, character_id) values ('2716902f-bbea-11ea-b6d8-ab58ae5d7a3a', 'Tormund Giantsbane', '27169029-bbea-11ea-b6d8-ab58ae5d7a3a');
INSERT INTO aliases (alias_id, alias, character_id) values ('27169030-bbea-11ea-b6d8-ab58ae5d7a3a', 'Mead-King of Ruddy Hall', '27169029-bbea-11ea-b6d8-ab58ae5d7a3a');
INSERT INTO aliases (alias_id, alias, character_id) values ('27169031-bbea-11ea-b6d8-ab58ae5d7a3a', 'Tormund Thunderfist', '27169029-bbea-11ea-b6d8-ab58ae5d7a3a');
INSERT INTO aliases (alias_id, alias, character_id) values ('27169032-bbea-11ea-b6d8-ab58ae5d7a3a', 'Tormund Horn-Blower', '27169029-bbea-11ea-b6d8-ab58ae5d7a3a');
INSERT INTO aliases (alias_id, alias, character_id) values ('27169033-bbea-11ea-b6d8-ab58ae5d7a3a', 'Tormund Tall-Talker', '27169029-bbea-11ea-b6d8-ab58ae5d7a3a');
INSERT INTO aliases (alias_id, alias, character_id) values ('27169034-bbea-11ea-b6d8-ab58ae5d7a3a', 'Breaker of Ice', '27169029-bbea-11ea-b6d8-ab58ae5d7a3a');
INSERT INTO aliases (alias_id, alias, character_id) values ('27169035-bbea-11ea-b6d8-ab58ae5d7a3a', 'Husband to Bears', '27169029-bbea-11ea-b6d8-ab58ae5d7a3a');
INSERT INTO aliases (alias_id, alias, character_id) values ('27169036-bbea-11ea-b6d8-ab58ae5d7a3a', 'Speaker to Gods', '27169029-bbea-11ea-b6d8-ab58ae5d7a3a');
INSERT INTO aliases (alias_id, alias, character_id) values ('27169037-bbea-11ea-b6d8-ab58ae5d7a3a', 'Father of Hosts', '27169029-bbea-11ea-b6d8-ab58ae5d7a3a');
INSERT INTO aliases (alias_id, alias, character_id) values ('27169039-bbea-11ea-b6d8-ab58ae5d7a3a', 'The Braavosi', '27169038-bbea-11ea-b6d8-ab58ae5d7a3a');
INSERT INTO aliases (alias_id, alias, character_id) values ('2716903e-bbea-11ea-b6d8-ab58ae5d7a3a', 'The Spider', '2716903c-bbea-11ea-b6d8-ab58ae5d7a3a');
INSERT INTO aliases (alias_id, alias, character_id) values ('2716903f-bbea-11ea-b6d8-ab58ae5d7a3a', 'The Eunuch', '2716903c-bbea-11ea-b6d8-ab58ae5d7a3a');
INSERT INTO aliases (alias_id, alias, character_id) values ('27169040-bbea-11ea-b6d8-ab58ae5d7a3a', 'Rugen', '2716903c-bbea-11ea-b6d8-ab58ae5d7a3a');
INSERT INTO aliases (alias_id, alias, character_id) values ('27169041-bbea-11ea-b6d8-ab58ae5d7a3a', 'Varys of Lys', '2716903c-bbea-11ea-b6d8-ab58ae5d7a3a');
INSERT INTO aliases (alias_id, alias, character_id) values ('27169043-bbea-11ea-b6d8-ab58ae5d7a3a', 'Steelshanks Walton', '27169042-bbea-11ea-b6d8-ab58ae5d7a3a');
INSERT INTO aliases (alias_id, alias, character_id) values ('27169046-bbea-11ea-b6d8-ab58ae5d7a3a', 'Wun Wun', '27169045-bbea-11ea-b6d8-ab58ae5d7a3a');
INSERT INTO houses (house_id, name, words) values ('27168cfa-bbea-11ea-b6d8-ab58ae5d7a3a', 'House Stark of Winterfell', 'Winter is Coming');
INSERT INTO houses (house_id, name, words) values ('27168d13-bbea-11ea-b6d8-ab58ae5d7a3a', 'House Tyrell of Highgarden', 'Growing Strong');
INSERT INTO houses (house_id, name, words) values ('27168d20-bbea-11ea-b6d8-ab58ae5d7a3a', 'House Lannister of Casterly Rock', 'Hear Me Roar!');
INSERT INTO houses (house_id, name, words) values ('27168d26-bbea-11ea-b6d8-ab58ae5d7a3a', 'House Marbrand of Ashemark', 'Burning bright');
INSERT INTO houses (house_id, name, words) values ('27168d31-bbea-11ea-b6d8-ab58ae5d7a3a', 'House Greyjoy of Pyke', 'We Do Not Sow');
INSERT INTO houses (house_id, name, words) values ('27168d3a-bbea-11ea-b6d8-ab58ae5d7a3a', 'House Thorne', '');
INSERT INTO houses (house_id, name, words) values ('27168d3f-bbea-11ea-b6d8-ab58ae5d7a3a', 'House Lorch', '');
INSERT INTO houses (house_id, name, words) values ('27168d43-bbea-11ea-b6d8-ab58ae5d7a3a', 'House Waynwood of Ironoaks', '');
INSERT INTO houses (house_id, name, words) values ('27168d47-bbea-11ea-b6d8-ab58ae5d7a3a', 'House Dayne of Starfall', '');
INSERT INTO houses (house_id, name, words) values ('27168d62-bbea-11ea-b6d8-ab58ae5d7a3a', 'House Ironmaker', '');
INSERT INTO houses (house_id, name, words) values ('27168d6b-bbea-11ea-b6d8-ab58ae5d7a3a', 'House Selmy of Harvest Hall', '');
INSERT INTO houses (house_id, name, words) values ('27168d6c-bbea-11ea-b6d8-ab58ae5d7a3a', 'House Targaryen of King''s Landing', 'Fire and Blood');
INSERT INTO houses (house_id, name, words) values ('27168d77-bbea-11ea-b6d8-ab58ae5d7a3a', 'House Dondarrion of Blackhaven', '');
INSERT INTO houses (house_id, name, words) values ('27168d86-bbea-11ea-b6d8-ab58ae5d7a3a', 'House Tarth of Evenfall Hall', '');
INSERT INTO houses (house_id, name, words) values ('27168d87-bbea-11ea-b6d8-ab58ae5d7a3a', 'House Baratheon of Storm''s End', 'Ours is the Fury');
INSERT INTO houses (house_id, name, words) values ('27168d8e-bbea-11ea-b6d8-ab58ae5d7a3a', 'House Stokeworth of Stokeworth', 'Proud to be Faithful');
INSERT INTO houses (house_id, name, words) values ('27168d96-bbea-11ea-b6d8-ab58ae5d7a3a', 'House Tully of Riverrun', 'Family, Duty, Honor');
INSERT INTO houses (house_id, name, words) values ('27168d97-bbea-11ea-b6d8-ab58ae5d7a3a', 'House Arryn of the Eyrie', 'As High as Honor');
INSERT INTO houses (house_id, name, words) values ('27168daa-bbea-11ea-b6d8-ab58ae5d7a3a', 'House Tarly of Horn Hill', 'First in Battle');
INSERT INTO houses (house_id, name, words) values ('27168db0-bbea-11ea-b6d8-ab58ae5d7a3a', 'House Hollard', '');
INSERT INTO houses (house_id, name, words) values ('27168db3-bbea-11ea-b6d8-ab58ae5d7a3a', 'House Nymeros Martell of Sunspear', 'Unbowed, Unbent, Unbroken');
INSERT INTO houses (house_id, name, words) values ('27168dc0-bbea-11ea-b6d8-ab58ae5d7a3a', 'House Tollett of the Grey Glen', 'When All is Darkest');
INSERT INTO houses (house_id, name, words) values ('27168dc7-bbea-11ea-b6d8-ab58ae5d7a3a', 'House Uller of Hellholt', '');
INSERT INTO houses (house_id, name, words) values ('27168dcb-bbea-11ea-b6d8-ab58ae5d7a3a', 'House Glover of Deepwood Motte', '');
INSERT INTO houses (house_id, name, words) values ('27168dd0-bbea-11ea-b6d8-ab58ae5d7a3a', 'House Hightower of the Hightower', 'We Light the Way');
INSERT INTO houses (house_id, name, words) values ('27168dd5-bbea-11ea-b6d8-ab58ae5d7a3a', 'House Reed of Greywater Watch', '');
INSERT INTO houses (house_id, name, words) values ('27168dd8-bbea-11ea-b6d8-ab58ae5d7a3a', 'House Payne', '');
INSERT INTO houses (house_id, name, words) values ('27168ddd-bbea-11ea-b6d8-ab58ae5d7a3a', 'House Florent of Brightwater Keep', '');
INSERT INTO houses (house_id, name, words) values ('27168de9-bbea-11ea-b6d8-ab58ae5d7a3a', 'House Slynt of Harrenhal', '');
INSERT INTO houses (house_id, name, words) values ('27168dee-bbea-11ea-b6d8-ab58ae5d7a3a', 'House Mormont of Bear Island', 'Here We Stand');
INSERT INTO houses (house_id, name, words) values ('27168e0f-bbea-11ea-b6d8-ab58ae5d7a3a', 'House Umber of the Last Hearth', '');
INSERT INTO houses (house_id, name, words) values ('27168e16-bbea-11ea-b6d8-ab58ae5d7a3a', 'House Cassel', '');
INSERT INTO houses (house_id, name, words) values ('27168e19-bbea-11ea-b6d8-ab58ae5d7a3a', 'House Erenford', '');
INSERT INTO houses (house_id, name, words) values ('27168e1a-bbea-11ea-b6d8-ab58ae5d7a3a', 'House Frey of the Crossing', '');
INSERT INTO houses (house_id, name, words) values ('27168e25-bbea-11ea-b6d8-ab58ae5d7a3a', 'House Lannister of Darry', '');
INSERT INTO houses (house_id, name, words) values ('27168e38-bbea-11ea-b6d8-ab58ae5d7a3a', 'House Baelish of the Fingers', '');
INSERT INTO houses (house_id, name, words) values ('27168e4a-bbea-11ea-b6d8-ab58ae5d7a3a', 'House Moore', '');
INSERT INTO houses (house_id, name, words) values ('27168e5a-bbea-11ea-b6d8-ab58ae5d7a3a', 'House Trant of Gallowsgrey', 'So End Our Foes');
INSERT INTO houses (house_id, name, words) values ('27168e5d-bbea-11ea-b6d8-ab58ae5d7a3a', 'House Baratheon of King''s Landing', '');
INSERT INTO houses (house_id, name, words) values ('27168e61-bbea-11ea-b6d8-ab58ae5d7a3a', 'House Redwyne of the Arbor', '');
INSERT INTO houses (house_id, name, words) values ('27168e65-bbea-11ea-b6d8-ab58ae5d7a3a', 'House Yarwyck', '');
INSERT INTO houses (house_id, name, words) values ('27168e6d-bbea-11ea-b6d8-ab58ae5d7a3a', 'House Baelish of Harrenhal', '');
INSERT INTO houses (house_id, name, words) values ('27168e81-bbea-11ea-b6d8-ab58ae5d7a3a', 'House Bolton of the Dreadfort', 'Our Blades are Sharp');
INSERT INTO houses (house_id, name, words) values ('27168e91-bbea-11ea-b6d8-ab58ae5d7a3a', 'House Karstark of Karhold', 'The Sun of Winter');
INSERT INTO houses (house_id, name, words) values ('27168ec6-bbea-11ea-b6d8-ab58ae5d7a3a', 'House Clegane', '');
INSERT INTO houses (house_id, name, words) values ('27168ed1-bbea-11ea-b6d8-ab58ae5d7a3a', 'House Baratheon of Dragonstone', '');
INSERT INTO houses (house_id, name, words) values ('27168efc-bbea-11ea-b6d8-ab58ae5d7a3a', 'House Egen', 'By Day or Night');
INSERT INTO houses (house_id, name, words) values ('27168f12-bbea-11ea-b6d8-ab58ae5d7a3a', 'House Royce of Runestone', 'We Remember');
INSERT INTO houses (house_id, name, words) values ('27168f15-bbea-11ea-b6d8-ab58ae5d7a3a', 'House Manderly of White Harbor', '');
INSERT INTO houses (house_id, name, words) values ('27168f36-bbea-11ea-b6d8-ab58ae5d7a3a', 'House Allyrion of Godsgrace', 'No Foe May Pass');
INSERT INTO houses (house_id, name, words) values ('27168f57-bbea-11ea-b6d8-ab58ae5d7a3a', 'House Seaworth of Cape Wrath', '');
INSERT INTO houses (house_id, name, words) values ('27168f8f-bbea-11ea-b6d8-ab58ae5d7a3a', 'House Bracken of Stone Hedge', '');
INSERT INTO characters_houses (character_id, house_id) values ('27168cf8-bbea-11ea-b6d8-ab58ae5d7a3a', '27168cfa-bbea-11ea-b6d8-ab58ae5d7a3a');
INSERT INTO characters_houses (character_id, house_id) values ('27168d0e-bbea-11ea-b6d8-ab58ae5d7a3a', '27168d13-bbea-11ea-b6d8-ab58ae5d7a3a');
INSERT INTO characters_houses (character_id, house_id) values ('27168d14-bbea-11ea-b6d8-ab58ae5d7a3a', '27168cfa-bbea-11ea-b6d8-ab58ae5d7a3a');
INSERT INTO characters_houses (character_id, house_id) values ('27168d17-bbea-11ea-b6d8-ab58ae5d7a3a', '27168d20-bbea-11ea-b6d8-ab58ae5d7a3a');
INSERT INTO characters_houses (character_id, house_id) values ('27168d23-bbea-11ea-b6d8-ab58ae5d7a3a', '27168d26-bbea-11ea-b6d8-ab58ae5d7a3a');
INSERT INTO characters_houses (character_id, house_id) values ('27168d2c-bbea-11ea-b6d8-ab58ae5d7a3a', '27168d31-bbea-11ea-b6d8-ab58ae5d7a3a');
INSERT INTO characters_houses (character_id, house_id) values ('27168d38-bbea-11ea-b6d8-ab58ae5d7a3a', '27168d3a-bbea-11ea-b6d8-ab58ae5d7a3a');
INSERT INTO characters_houses (character_id, house_id) values ('27168d3b-bbea-11ea-b6d8-ab58ae5d7a3a', '27168d3f-bbea-11ea-b6d8-ab58ae5d7a3a');
INSERT INTO characters_houses (character_id, house_id) values ('27168d3b-bbea-11ea-b6d8-ab58ae5d7a3a', '27168d20-bbea-11ea-b6d8-ab58ae5d7a3a');
INSERT INTO characters_houses (character_id, house_id) values ('27168d41-bbea-11ea-b6d8-ab58ae5d7a3a', '27168d43-bbea-11ea-b6d8-ab58ae5d7a3a');
INSERT INTO characters_houses (character_id, house_id) values ('27168d44-bbea-11ea-b6d8-ab58ae5d7a3a', '27168d47-bbea-11ea-b6d8-ab58ae5d7a3a');
INSERT INTO characters_houses (character_id, house_id) values ('27168d48-bbea-11ea-b6d8-ab58ae5d7a3a', '27168cfa-bbea-11ea-b6d8-ab58ae5d7a3a');
INSERT INTO characters_houses (character_id, house_id) values ('27168d5b-bbea-11ea-b6d8-ab58ae5d7a3a', '27168d31-bbea-11ea-b6d8-ab58ae5d7a3a');
INSERT INTO characters_houses (character_id, house_id) values ('27168d5b-bbea-11ea-b6d8-ab58ae5d7a3a', '27168d62-bbea-11ea-b6d8-ab58ae5d7a3a');
INSERT INTO characters_houses (character_id, house_id) values ('27168d63-bbea-11ea-b6d8-ab58ae5d7a3a', '27168d6b-bbea-11ea-b6d8-ab58ae5d7a3a');
INSERT INTO characters_houses (character_id, house_id) values ('27168d63-bbea-11ea-b6d8-ab58ae5d7a3a', '27168d6c-bbea-11ea-b6d8-ab58ae5d7a3a');
INSERT INTO characters_houses (character_id, house_id) values ('27168d6d-bbea-11ea-b6d8-ab58ae5d7a3a', '27168cfa-bbea-11ea-b6d8-ab58ae5d7a3a');
INSERT INTO characters_houses (character_id, house_id) values ('27168d72-bbea-11ea-b6d8-ab58ae5d7a3a', '27168d77-bbea-11ea-b6d8-ab58ae5d7a3a');
INSERT INTO characters_houses (character_id, house_id) values ('27168d7c-bbea-11ea-b6d8-ab58ae5d7a3a', '27168cfa-bbea-11ea-b6d8-ab58ae5d7a3a');
INSERT INTO characters_houses (character_id, house_id) values ('27168d82-bbea-11ea-b6d8-ab58ae5d7a3a', '27168d86-bbea-11ea-b6d8-ab58ae5d7a3a');
INSERT INTO characters_houses (character_id, house_id) values ('27168d82-bbea-11ea-b6d8-ab58ae5d7a3a', '27168d87-bbea-11ea-b6d8-ab58ae5d7a3a');
INSERT INTO characters_houses (character_id, house_id) values ('27168d82-bbea-11ea-b6d8-ab58ae5d7a3a', '27168cfa-bbea-11ea-b6d8-ab58ae5d7a3a');
INSERT INTO characters_houses (character_id, house_id) values ('27168d89-bbea-11ea-b6d8-ab58ae5d7a3a', '27168d8e-bbea-11ea-b6d8-ab58ae5d7a3a');
INSERT INTO characters_houses (character_id, house_id) values ('27168d8f-bbea-11ea-b6d8-ab58ae5d7a3a', '27168d96-bbea-11ea-b6d8-ab58ae5d7a3a');
INSERT INTO characters_houses (character_id, house_id) values ('27168d8f-bbea-11ea-b6d8-ab58ae5d7a3a', '27168d97-bbea-11ea-b6d8-ab58ae5d7a3a');
INSERT INTO characters_houses (character_id, house_id) values ('27168d98-bbea-11ea-b6d8-ab58ae5d7a3a', '27168d96-bbea-11ea-b6d8-ab58ae5d7a3a');
INSERT INTO characters_houses (character_id, house_id) values ('27168d98-bbea-11ea-b6d8-ab58ae5d7a3a', '27168cfa-bbea-11ea-b6d8-ab58ae5d7a3a');
INSERT INTO characters_houses (character_id, house_id) values ('27168da1-bbea-11ea-b6d8-ab58ae5d7a3a', '27168d20-bbea-11ea-b6d8-ab58ae5d7a3a');
INSERT INTO characters_houses (character_id, house_id) values ('27168da9-bbea-11ea-b6d8-ab58ae5d7a3a', '27168daa-bbea-11ea-b6d8-ab58ae5d7a3a');
INSERT INTO characters_houses (character_id, house_id) values ('27168dab-bbea-11ea-b6d8-ab58ae5d7a3a', '27168db0-bbea-11ea-b6d8-ab58ae5d7a3a');
INSERT INTO characters_houses (character_id, house_id) values ('27168db1-bbea-11ea-b6d8-ab58ae5d7a3a', '27168db3-bbea-11ea-b6d8-ab58ae5d7a3a');
INSERT INTO characters_houses (character_id, house_id) values ('27168db4-bbea-11ea-b6d8-ab58ae5d7a3a', '27168cfa-bbea-11ea-b6d8-ab58ae5d7a3a');
INSERT INTO characters_houses (character_id, house_id) values ('27168dbe-bbea-11ea-b6d8-ab58ae5d7a3a', '27168dc0-bbea-11ea-b6d8-ab58ae5d7a3a');
INSERT INTO characters_houses (character_id, house_id) values ('27168dc1-bbea-11ea-b6d8-ab58ae5d7a3a', '27168d96-bbea-11ea-b6d8-ab58ae5d7a3a');
INSERT INTO characters_houses (character_id, house_id) values ('27168dc5-bbea-11ea-b6d8-ab58ae5d7a3a', '27168dc7-bbea-11ea-b6d8-ab58ae5d7a3a');
INSERT INTO characters_houses (character_id, house_id) values ('27168dc5-bbea-11ea-b6d8-ab58ae5d7a3a', '27168db3-bbea-11ea-b6d8-ab58ae5d7a3a');
INSERT INTO characters_houses (character_id, house_id) values ('27168dc9-bbea-11ea-b6d8-ab58ae5d7a3a', '27168dcb-bbea-11ea-b6d8-ab58ae5d7a3a');
INSERT INTO characters_houses (character_id, house_id) values ('27168dcc-bbea-11ea-b6d8-ab58ae5d7a3a', '27168dd0-bbea-11ea-b6d8-ab58ae5d7a3a');
INSERT INTO characters_houses (character_id, house_id) values ('27168dd3-bbea-11ea-b6d8-ab58ae5d7a3a', '27168dd5-bbea-11ea-b6d8-ab58ae5d7a3a');
INSERT INTO characters_houses (character_id, house_id) values ('27168dd6-bbea-11ea-b6d8-ab58ae5d7a3a', '27168dd8-bbea-11ea-b6d8-ab58ae5d7a3a');
INSERT INTO characters_houses (character_id, house_id) values ('27168dd9-bbea-11ea-b6d8-ab58ae5d7a3a', '27168ddd-bbea-11ea-b6d8-ab58ae5d7a3a');
INSERT INTO characters_houses (character_id, house_id) values ('27168dde-bbea-11ea-b6d8-ab58ae5d7a3a', '27168d20-bbea-11ea-b6d8-ab58ae5d7a3a');
INSERT INTO characters_houses (character_id, house_id) values ('27168de7-bbea-11ea-b6d8-ab58ae5d7a3a', '27168de9-bbea-11ea-b6d8-ab58ae5d7a3a');
INSERT INTO characters_houses (character_id, house_id) values ('27168dea-bbea-11ea-b6d8-ab58ae5d7a3a', '27168dee-bbea-11ea-b6d8-ab58ae5d7a3a');
INSERT INTO characters_houses (character_id, house_id) values ('27168df7-bbea-11ea-b6d8-ab58ae5d7a3a', '27168dd5-bbea-11ea-b6d8-ab58ae5d7a3a');
INSERT INTO characters_houses (character_id, house_id) values ('27168dfa-bbea-11ea-b6d8-ab58ae5d7a3a', '27168d97-bbea-11ea-b6d8-ab58ae5d7a3a');
INSERT INTO characters_houses (character_id, house_id) values ('27168e00-bbea-11ea-b6d8-ab58ae5d7a3a', '27168cfa-bbea-11ea-b6d8-ab58ae5d7a3a');
INSERT INTO characters_houses (character_id, house_id) values ('27168e0b-bbea-11ea-b6d8-ab58ae5d7a3a', '27168e0f-bbea-11ea-b6d8-ab58ae5d7a3a');
INSERT INTO characters_houses (character_id, house_id) values ('27168e10-bbea-11ea-b6d8-ab58ae5d7a3a', '27168e0f-bbea-11ea-b6d8-ab58ae5d7a3a');
INSERT INTO characters_houses (character_id, house_id) values ('27168e14-bbea-11ea-b6d8-ab58ae5d7a3a', '27168e16-bbea-11ea-b6d8-ab58ae5d7a3a');
INSERT INTO characters_houses (character_id, house_id) values ('27168e17-bbea-11ea-b6d8-ab58ae5d7a3a', '27168e19-bbea-11ea-b6d8-ab58ae5d7a3a');
INSERT INTO characters_houses (character_id, house_id) values ('27168e17-bbea-11ea-b6d8-ab58ae5d7a3a', '27168e1a-bbea-11ea-b6d8-ab58ae5d7a3a');
INSERT INTO characters_houses (character_id, house_id) values ('27168e1b-bbea-11ea-b6d8-ab58ae5d7a3a', '27168d20-bbea-11ea-b6d8-ab58ae5d7a3a');
INSERT INTO characters_houses (character_id, house_id) values ('27168e21-bbea-11ea-b6d8-ab58ae5d7a3a', '27168d20-bbea-11ea-b6d8-ab58ae5d7a3a');
INSERT INTO characters_houses (character_id, house_id) values ('27168e21-bbea-11ea-b6d8-ab58ae5d7a3a', '27168e25-bbea-11ea-b6d8-ab58ae5d7a3a');
INSERT INTO characters_houses (character_id, house_id) values ('27168e26-bbea-11ea-b6d8-ab58ae5d7a3a', '27168d13-bbea-11ea-b6d8-ab58ae5d7a3a');
INSERT INTO characters_houses (character_id, house_id) values ('27168e2d-bbea-11ea-b6d8-ab58ae5d7a3a', '27168e1a-bbea-11ea-b6d8-ab58ae5d7a3a');
INSERT INTO characters_houses (character_id, house_id) values ('27168e31-bbea-11ea-b6d8-ab58ae5d7a3a', '27168dee-bbea-11ea-b6d8-ab58ae5d7a3a');
INSERT INTO characters_houses (character_id, house_id) values ('27168e33-bbea-11ea-b6d8-ab58ae5d7a3a', '27168d96-bbea-11ea-b6d8-ab58ae5d7a3a');
INSERT INTO characters_houses (character_id, house_id) values ('27168e33-bbea-11ea-b6d8-ab58ae5d7a3a', '27168d97-bbea-11ea-b6d8-ab58ae5d7a3a');
INSERT INTO characters_houses (character_id, house_id) values ('27168e33-bbea-11ea-b6d8-ab58ae5d7a3a', '27168e38-bbea-11ea-b6d8-ab58ae5d7a3a');
INSERT INTO characters_houses (character_id, house_id) values ('27168e39-bbea-11ea-b6d8-ab58ae5d7a3a', '27168d13-bbea-11ea-b6d8-ab58ae5d7a3a');
INSERT INTO characters_houses (character_id, house_id) values ('27168e44-bbea-11ea-b6d8-ab58ae5d7a3a', '27168dee-bbea-11ea-b6d8-ab58ae5d7a3a');
INSERT INTO characters_houses (character_id, house_id) values ('27168e48-bbea-11ea-b6d8-ab58ae5d7a3a', '27168e4a-bbea-11ea-b6d8-ab58ae5d7a3a');
INSERT INTO characters_houses (character_id, house_id) values ('27168e4b-bbea-11ea-b6d8-ab58ae5d7a3a', '27168d20-bbea-11ea-b6d8-ab58ae5d7a3a');
INSERT INTO characters_houses (character_id, house_id) values ('27168e4d-bbea-11ea-b6d8-ab58ae5d7a3a', '27168dd5-bbea-11ea-b6d8-ab58ae5d7a3a');
INSERT INTO characters_houses (character_id, house_id) values ('27168e4f-bbea-11ea-b6d8-ab58ae5d7a3a', '27168ddd-bbea-11ea-b6d8-ab58ae5d7a3a');
INSERT INTO characters_houses (character_id, house_id) values ('27168e4f-bbea-11ea-b6d8-ab58ae5d7a3a', '27168daa-bbea-11ea-b6d8-ab58ae5d7a3a');
INSERT INTO characters_houses (character_id, house_id) values ('27168e58-bbea-11ea-b6d8-ab58ae5d7a3a', '27168e5a-bbea-11ea-b6d8-ab58ae5d7a3a');
INSERT INTO characters_houses (character_id, house_id) values ('27168e5b-bbea-11ea-b6d8-ab58ae5d7a3a', '27168e5d-bbea-11ea-b6d8-ab58ae5d7a3a');
INSERT INTO characters_houses (character_id, house_id) values ('27168e5e-bbea-11ea-b6d8-ab58ae5d7a3a', '27168e61-bbea-11ea-b6d8-ab58ae5d7a3a');
INSERT INTO characters_houses (character_id, house_id) values ('27168e5e-bbea-11ea-b6d8-ab58ae5d7a3a', '27168d13-bbea-11ea-b6d8-ab58ae5d7a3a');
INSERT INTO characters_houses (character_id, house_id) values ('27168e63-bbea-11ea-b6d8-ab58ae5d7a3a', '27168e65-bbea-11ea-b6d8-ab58ae5d7a3a');
INSERT INTO characters_houses (character_id, house_id) values ('27168e66-bbea-11ea-b6d8-ab58ae5d7a3a', '27168e38-bbea-11ea-b6d8-ab58ae5d7a3a');
INSERT INTO characters_houses (character_id, house_id) values ('27168e66-bbea-11ea-b6d8-ab58ae5d7a3a', '27168e6d-bbea-11ea-b6d8-ab58ae5d7a3a');
INSERT INTO characters_houses (character_id, house_id) values ('27168e6e-bbea-11ea-b6d8-ab58ae5d7a3a', '27168dd8-bbea-11ea-b6d8-ab58ae5d7a3a');
INSERT INTO characters_houses (character_id, house_id) values ('27168e77-bbea-11ea-b6d8-ab58ae5d7a3a', '27168e81-bbea-11ea-b6d8-ab58ae5d7a3a');
INSERT INTO characters_houses (character_id, house_id) values ('27168e82-bbea-11ea-b6d8-ab58ae5d7a3a', '27168daa-bbea-11ea-b6d8-ab58ae5d7a3a');
INSERT INTO characters_houses (character_id, house_id) values ('27168e87-bbea-11ea-b6d8-ab58ae5d7a3a', '27168d87-bbea-11ea-b6d8-ab58ae5d7a3a');
INSERT INTO characters_houses (character_id, house_id) values ('27168e8f-bbea-11ea-b6d8-ab58ae5d7a3a', '27168e91-bbea-11ea-b6d8-ab58ae5d7a3a');
INSERT INTO characters_houses (character_id, house_id) values ('27168e92-bbea-11ea-b6d8-ab58ae5d7a3a', '27168cfa-bbea-11ea-b6d8-ab58ae5d7a3a');
INSERT INTO characters_houses (character_id, house_id) values ('27168e96-bbea-11ea-b6d8-ab58ae5d7a3a', '27168cfa-bbea-11ea-b6d8-ab58ae5d7a3a');
INSERT INTO characters_houses (character_id, house_id) values ('27168e9a-bbea-11ea-b6d8-ab58ae5d7a3a', '27168d97-bbea-11ea-b6d8-ab58ae5d7a3a');
INSERT INTO characters_houses (character_id, house_id) values ('27168ea9-bbea-11ea-b6d8-ab58ae5d7a3a', '27168dcb-bbea-11ea-b6d8-ab58ae5d7a3a');
INSERT INTO characters_houses (character_id, house_id) values ('27168eab-bbea-11ea-b6d8-ab58ae5d7a3a', '27168e16-bbea-11ea-b6d8-ab58ae5d7a3a');
INSERT INTO characters_houses (character_id, house_id) values ('27168eab-bbea-11ea-b6d8-ab58ae5d7a3a', '27168cfa-bbea-11ea-b6d8-ab58ae5d7a3a');
INSERT INTO characters_houses (character_id, house_id) values ('27168eb2-bbea-11ea-b6d8-ab58ae5d7a3a', '27168e81-bbea-11ea-b6d8-ab58ae5d7a3a');
INSERT INTO characters_houses (character_id, house_id) values ('27168eb7-bbea-11ea-b6d8-ab58ae5d7a3a', '27168e1a-bbea-11ea-b6d8-ab58ae5d7a3a');
INSERT INTO characters_houses (character_id, house_id) values ('27168eb7-bbea-11ea-b6d8-ab58ae5d7a3a', '27168d96-bbea-11ea-b6d8-ab58ae5d7a3a');
INSERT INTO characters_houses (character_id, house_id) values ('27168eba-bbea-11ea-b6d8-ab58ae5d7a3a', '27168daa-bbea-11ea-b6d8-ab58ae5d7a3a');
INSERT INTO characters_houses (character_id, house_id) values ('27168ec3-bbea-11ea-b6d8-ab58ae5d7a3a', '27168ec6-bbea-11ea-b6d8-ab58ae5d7a3a');
INSERT INTO characters_houses (character_id, house_id) values ('27168ec3-bbea-11ea-b6d8-ab58ae5d7a3a', '27168d20-bbea-11ea-b6d8-ab58ae5d7a3a');
INSERT INTO characters_houses (character_id, house_id) values ('27168ec8-bbea-11ea-b6d8-ab58ae5d7a3a', '27168cfa-bbea-11ea-b6d8-ab58ae5d7a3a');
INSERT INTO characters_houses (character_id, house_id) values ('27168ec8-bbea-11ea-b6d8-ab58ae5d7a3a', '27168e6d-bbea-11ea-b6d8-ab58ae5d7a3a');
INSERT INTO characters_houses (character_id, house_id) values ('27168ecf-bbea-11ea-b6d8-ab58ae5d7a3a', '27168ed1-bbea-11ea-b6d8-ab58ae5d7a3a');
INSERT INTO characters_houses (character_id, house_id) values ('27168ed2-bbea-11ea-b6d8-ab58ae5d7a3a', '27168e1a-bbea-11ea-b6d8-ab58ae5d7a3a');
INSERT INTO characters_houses (character_id, house_id) values ('27168ed5-bbea-11ea-b6d8-ab58ae5d7a3a', '27168daa-bbea-11ea-b6d8-ab58ae5d7a3a');
INSERT INTO characters_houses (character_id, house_id) values ('27168ed7-bbea-11ea-b6d8-ab58ae5d7a3a', '27168d31-bbea-11ea-b6d8-ab58ae5d7a3a');
INSERT INTO characters_houses (character_id, house_id) values ('27168ee4-bbea-11ea-b6d8-ab58ae5d7a3a', '27168e91-bbea-11ea-b6d8-ab58ae5d7a3a');
INSERT INTO characters_houses (character_id, house_id) values ('27168ee7-bbea-11ea-b6d8-ab58ae5d7a3a', '27168db3-bbea-11ea-b6d8-ab58ae5d7a3a');
INSERT INTO characters_houses (character_id, house_id) values ('27168eea-bbea-11ea-b6d8-ab58ae5d7a3a', '27168d20-bbea-11ea-b6d8-ab58ae5d7a3a');
INSERT INTO characters_houses (character_id, house_id) values ('27168ef9-bbea-11ea-b6d8-ab58ae5d7a3a', '27168efc-bbea-11ea-b6d8-ab58ae5d7a3a');
INSERT INTO characters_houses (character_id, house_id) values ('27168ef9-bbea-11ea-b6d8-ab58ae5d7a3a', '27168d97-bbea-11ea-b6d8-ab58ae5d7a3a');
INSERT INTO characters_houses (character_id, house_id) values ('27168efe-bbea-11ea-b6d8-ab58ae5d7a3a', '27168d6c-bbea-11ea-b6d8-ab58ae5d7a3a');
INSERT INTO characters_houses (character_id, house_id) values ('27168f03-bbea-11ea-b6d8-ab58ae5d7a3a', '27168e1a-bbea-11ea-b6d8-ab58ae5d7a3a');
INSERT INTO characters_houses (character_id, house_id) values ('27168f03-bbea-11ea-b6d8-ab58ae5d7a3a', '27168e81-bbea-11ea-b6d8-ab58ae5d7a3a');
INSERT INTO characters_houses (character_id, house_id) values ('27168f08-bbea-11ea-b6d8-ab58ae5d7a3a', '27168e1a-bbea-11ea-b6d8-ab58ae5d7a3a');
INSERT INTO characters_houses (character_id, house_id) values ('27168f0b-bbea-11ea-b6d8-ab58ae5d7a3a', '27168e1a-bbea-11ea-b6d8-ab58ae5d7a3a');
INSERT INTO characters_houses (character_id, house_id) values ('27168f10-bbea-11ea-b6d8-ab58ae5d7a3a', '27168f12-bbea-11ea-b6d8-ab58ae5d7a3a');
INSERT INTO characters_houses (character_id, house_id) values ('27168f13-bbea-11ea-b6d8-ab58ae5d7a3a', '27168f15-bbea-11ea-b6d8-ab58ae5d7a3a');
INSERT INTO characters_houses (character_id, house_id) values ('27168f16-bbea-11ea-b6d8-ab58ae5d7a3a', '27168f12-bbea-11ea-b6d8-ab58ae5d7a3a');
INSERT INTO characters_houses (character_id, house_id) values ('27168f1b-bbea-11ea-b6d8-ab58ae5d7a3a', '27168d6c-bbea-11ea-b6d8-ab58ae5d7a3a');
INSERT INTO characters_houses (character_id, house_id) values ('27168f20-bbea-11ea-b6d8-ab58ae5d7a3a', '27168db3-bbea-11ea-b6d8-ab58ae5d7a3a');
INSERT INTO characters_houses (character_id, house_id) values ('27168f24-bbea-11ea-b6d8-ab58ae5d7a3a', '27168d6c-bbea-11ea-b6d8-ab58ae5d7a3a');
INSERT INTO characters_houses (character_id, house_id) values ('27168f2b-bbea-11ea-b6d8-ab58ae5d7a3a', '27168db3-bbea-11ea-b6d8-ab58ae5d7a3a');
INSERT INTO characters_houses (character_id, house_id) values ('27168f33-bbea-11ea-b6d8-ab58ae5d7a3a', '27168f36-bbea-11ea-b6d8-ab58ae5d7a3a');
INSERT INTO characters_houses (character_id, house_id) values ('27168f37-bbea-11ea-b6d8-ab58ae5d7a3a', '27168d6c-bbea-11ea-b6d8-ab58ae5d7a3a');
INSERT INTO characters_houses (character_id, house_id) values ('27168f49-bbea-11ea-b6d8-ab58ae5d7a3a', '27168d31-bbea-11ea-b6d8-ab58ae5d7a3a');
INSERT INTO characters_houses (character_id, house_id) values ('27168f4d-bbea-11ea-b6d8-ab58ae5d7a3a', '27168f57-bbea-11ea-b6d8-ab58ae5d7a3a');
INSERT INTO characters_houses (character_id, house_id) values ('27168f4d-bbea-11ea-b6d8-ab58ae5d7a3a', '27168ed1-bbea-11ea-b6d8-ab58ae5d7a3a');
INSERT INTO characters_houses (character_id, house_id) values ('27168f59-bbea-11ea-b6d8-ab58ae5d7a3a', '27168d6c-bbea-11ea-b6d8-ab58ae5d7a3a');
INSERT INTO characters_houses (character_id, house_id) values ('27168f5b-bbea-11ea-b6d8-ab58ae5d7a3a', '27168d31-bbea-11ea-b6d8-ab58ae5d7a3a');
INSERT INTO characters_houses (character_id, house_id) values ('27168f61-bbea-11ea-b6d8-ab58ae5d7a3a', '27168cfa-bbea-11ea-b6d8-ab58ae5d7a3a');
INSERT INTO characters_houses (character_id, house_id) values ('27168f69-bbea-11ea-b6d8-ab58ae5d7a3a', '27168ec6-bbea-11ea-b6d8-ab58ae5d7a3a');
INSERT INTO characters_houses (character_id, house_id) values ('27168f69-bbea-11ea-b6d8-ab58ae5d7a3a', '27168d20-bbea-11ea-b6d8-ab58ae5d7a3a');
INSERT INTO characters_houses (character_id, house_id) values ('27168f71-bbea-11ea-b6d8-ab58ae5d7a3a', '27168d6c-bbea-11ea-b6d8-ab58ae5d7a3a');
INSERT INTO characters_houses (character_id, house_id) values ('27168f81-bbea-11ea-b6d8-ab58ae5d7a3a', '27168d6c-bbea-11ea-b6d8-ab58ae5d7a3a');
INSERT INTO characters_houses (character_id, house_id) values ('27168f87-bbea-11ea-b6d8-ab58ae5d7a3a', '27168d6c-bbea-11ea-b6d8-ab58ae5d7a3a');
INSERT INTO characters_houses (character_id, house_id) values ('27168f8b-bbea-11ea-b6d8-ab58ae5d7a3a', '27168d6c-bbea-11ea-b6d8-ab58ae5d7a3a');
INSERT INTO characters_houses (character_id, house_id) values ('27168f8d-bbea-11ea-b6d8-ab58ae5d7a3a', '27168f8f-bbea-11ea-b6d8-ab58ae5d7a3a');
INSERT INTO characters_houses (character_id, house_id) values ('27168f90-bbea-11ea-b6d8-ab58ae5d7a3a', '27168dee-bbea-11ea-b6d8-ab58ae5d7a3a');
INSERT INTO characters_houses (character_id, house_id) values ('27168f90-bbea-11ea-b6d8-ab58ae5d7a3a', '27168d6c-bbea-11ea-b6d8-ab58ae5d7a3a');
INSERT INTO characters_houses (character_id, house_id) values ('27168fa6-bbea-11ea-b6d8-ab58ae5d7a3a', '27168cfa-bbea-11ea-b6d8-ab58ae5d7a3a');
INSERT INTO characters_houses (character_id, house_id) values ('27168fa8-bbea-11ea-b6d8-ab58ae5d7a3a', '27168cfa-bbea-11ea-b6d8-ab58ae5d7a3a');
INSERT INTO characters_houses (character_id, house_id) values ('27168fb9-bbea-11ea-b6d8-ab58ae5d7a3a', '27168f57-bbea-11ea-b6d8-ab58ae5d7a3a');
INSERT INTO characters_houses (character_id, house_id) values ('27168fbe-bbea-11ea-b6d8-ab58ae5d7a3a', '27168cfa-bbea-11ea-b6d8-ab58ae5d7a3a');
INSERT INTO characters_houses (character_id, house_id) values ('27168fc3-bbea-11ea-b6d8-ab58ae5d7a3a', '27168d6c-bbea-11ea-b6d8-ab58ae5d7a3a');
INSERT INTO characters_houses (character_id, house_id) values ('27168fc5-bbea-11ea-b6d8-ab58ae5d7a3a', '27168d97-bbea-11ea-b6d8-ab58ae5d7a3a');
INSERT INTO characters_houses (character_id, house_id) values ('27168fca-bbea-11ea-b6d8-ab58ae5d7a3a', '27168cfa-bbea-11ea-b6d8-ab58ae5d7a3a');
INSERT INTO characters_houses (character_id, house_id) values ('27168fcd-bbea-11ea-b6d8-ab58ae5d7a3a', '27168db3-bbea-11ea-b6d8-ab58ae5d7a3a');
INSERT INTO characters_houses (character_id, house_id) values ('27168fd0-bbea-11ea-b6d8-ab58ae5d7a3a', '27168db3-bbea-11ea-b6d8-ab58ae5d7a3a');
INSERT INTO characters_houses (character_id, house_id) values ('27168fd2-bbea-11ea-b6d8-ab58ae5d7a3a', '27168db3-bbea-11ea-b6d8-ab58ae5d7a3a');
INSERT INTO characters_houses (character_id, house_id) values ('27168fd7-bbea-11ea-b6d8-ab58ae5d7a3a', '27168cfa-bbea-11ea-b6d8-ab58ae5d7a3a');
INSERT INTO characters_houses (character_id, house_id) values ('27168fda-bbea-11ea-b6d8-ab58ae5d7a3a', '27168ec6-bbea-11ea-b6d8-ab58ae5d7a3a');
INSERT INTO characters_houses (character_id, house_id) values ('27168fe1-bbea-11ea-b6d8-ab58ae5d7a3a', '27168d6c-bbea-11ea-b6d8-ab58ae5d7a3a');
INSERT INTO characters_houses (character_id, house_id) values ('27168fe1-bbea-11ea-b6d8-ab58ae5d7a3a', '27168e5d-bbea-11ea-b6d8-ab58ae5d7a3a');
INSERT INTO characters_houses (character_id, house_id) values ('27168fe1-bbea-11ea-b6d8-ab58ae5d7a3a', '27168d20-bbea-11ea-b6d8-ab58ae5d7a3a');
INSERT INTO characters_houses (character_id, house_id) values ('27168fea-bbea-11ea-b6d8-ab58ae5d7a3a', '27168d20-bbea-11ea-b6d8-ab58ae5d7a3a');
INSERT INTO characters_houses (character_id, house_id) values ('27168fee-bbea-11ea-b6d8-ab58ae5d7a3a', '27168d6c-bbea-11ea-b6d8-ab58ae5d7a3a');
INSERT INTO characters_houses (character_id, house_id) values ('27168fff-bbea-11ea-b6d8-ab58ae5d7a3a', '27168e1a-bbea-11ea-b6d8-ab58ae5d7a3a');
INSERT INTO characters_houses (character_id, house_id) values ('27169001-bbea-11ea-b6d8-ab58ae5d7a3a', '27168ed1-bbea-11ea-b6d8-ab58ae5d7a3a');
INSERT INTO characters_houses (character_id, house_id) values ('27169005-bbea-11ea-b6d8-ab58ae5d7a3a', '27168ddd-bbea-11ea-b6d8-ab58ae5d7a3a');
INSERT INTO characters_houses (character_id, house_id) values ('27169005-bbea-11ea-b6d8-ab58ae5d7a3a', '27168ed1-bbea-11ea-b6d8-ab58ae5d7a3a');
INSERT INTO characters_houses (character_id, house_id) values ('2716901a-bbea-11ea-b6d8-ab58ae5d7a3a', '27168cfa-bbea-11ea-b6d8-ab58ae5d7a3a');
INSERT INTO characters_houses (character_id, house_id) values ('2716901f-bbea-11ea-b6d8-ab58ae5d7a3a', '27168ec6-bbea-11ea-b6d8-ab58ae5d7a3a');
INSERT INTO characters_houses (character_id, house_id) values ('2716903a-bbea-11ea-b6d8-ab58ae5d7a3a', '27168db3-bbea-11ea-b6d8-ab58ae5d7a3a');
INSERT INTO characters_houses (character_id, house_id) values ('27169042-bbea-11ea-b6d8-ab58ae5d7a3a', '27168e81-bbea-11ea-b6d8-ab58ae5d7a3a');
