INSERT INTO characters (character_id, name, gender) values ('b4f2631e-bbe8-11ea-b6d8-ab58ae5d7a3a', 'Walder', 'M');
INSERT INTO characters (character_id, name, gender) values ('b4f26321-bbe8-11ea-b6d8-ab58ae5d7a3a', 'Balon Greyjoy', 'M');
INSERT INTO characters (character_id, name, gender) values ('b4f2632e-bbe8-11ea-b6d8-ab58ae5d7a3a', 'High Septon', 'M');
INSERT INTO characters (character_id, name, gender) values ('b4f26334-bbe8-11ea-b6d8-ab58ae5d7a3a', 'Margaery Tyrell', 'F');
INSERT INTO characters (character_id, name, gender) values ('b4f2633a-bbe8-11ea-b6d8-ab58ae5d7a3a', 'Mordane', 'F');
INSERT INTO characters (character_id, name, gender) values ('b4f2633d-bbe8-11ea-b6d8-ab58ae5d7a3a', 'Tywin Lannister', 'M');
INSERT INTO characters (character_id, name, gender) values ('b4f26347-bbe8-11ea-b6d8-ab58ae5d7a3a', 'Unella', 'F');
INSERT INTO characters (character_id, name, gender) values ('b4f26349-bbe8-11ea-b6d8-ab58ae5d7a3a', 'Addam Marbrand', 'M');
INSERT INTO characters (character_id, name, gender) values ('b4f2634d-bbe8-11ea-b6d8-ab58ae5d7a3a', 'Aemon Targaryen', 'M');
INSERT INTO characters (character_id, name, gender) values ('b4f26352-bbe8-11ea-b6d8-ab58ae5d7a3a', 'Aeron Greyjoy', 'M');
INSERT INTO characters (character_id, name, gender) values ('b4f26358-bbe8-11ea-b6d8-ab58ae5d7a3a', 'Aerys II', 'M');
INSERT INTO characters (character_id, name, gender) values ('b4f2635e-bbe8-11ea-b6d8-ab58ae5d7a3a', 'Alliser Thorne', 'M');
INSERT INTO characters (character_id, name, gender) values ('b4f26361-bbe8-11ea-b6d8-ab58ae5d7a3a', 'Amory Lorch', 'M');
INSERT INTO characters (character_id, name, gender) values ('b4f26367-bbe8-11ea-b6d8-ab58ae5d7a3a', 'Anya Waynwood', 'F');
INSERT INTO characters (character_id, name, gender) values ('b4f2636a-bbe8-11ea-b6d8-ab58ae5d7a3a', 'Arthur Dayne', 'M');
INSERT INTO characters (character_id, name, gender) values ('b4f2636e-bbe8-11ea-b6d8-ab58ae5d7a3a', 'Arya Stark', 'F');
INSERT INTO characters (character_id, name, gender) values ('b4f26381-bbe8-11ea-b6d8-ab58ae5d7a3a', 'Asha Greyjoy', 'F');
INSERT INTO characters (character_id, name, gender) values ('b4f26389-bbe8-11ea-b6d8-ab58ae5d7a3a', 'Barristan Selmy', 'M');
INSERT INTO characters (character_id, name, gender) values ('b4f26393-bbe8-11ea-b6d8-ab58ae5d7a3a', 'Benjen Stark', 'M');
INSERT INTO characters (character_id, name, gender) values ('b4f26398-bbe8-11ea-b6d8-ab58ae5d7a3a', 'Beric Dondarrion', 'M');
INSERT INTO characters (character_id, name, gender) values ('b4f2639e-bbe8-11ea-b6d8-ab58ae5d7a3a', 'Bowen Marsh', 'M');
INSERT INTO characters (character_id, name, gender) values ('b4f263a2-bbe8-11ea-b6d8-ab58ae5d7a3a', 'Brandon Stark', 'M');
INSERT INTO characters (character_id, name, gender) values ('b4f263a8-bbe8-11ea-b6d8-ab58ae5d7a3a', 'Brienne of Tarth', 'F');
INSERT INTO characters (character_id, name, gender) values ('b4f263af-bbe8-11ea-b6d8-ab58ae5d7a3a', 'Bronn', 'M');
INSERT INTO characters (character_id, name, gender) values ('b4f263b5-bbe8-11ea-b6d8-ab58ae5d7a3a', 'Brynden Tully', 'M');
INSERT INTO characters (character_id, name, gender) values ('b4f263be-bbe8-11ea-b6d8-ab58ae5d7a3a', 'Catelyn Stark', 'F');
INSERT INTO characters (character_id, name, gender) values ('b4f263c7-bbe8-11ea-b6d8-ab58ae5d7a3a', 'Cersei Lannister', 'F');
INSERT INTO characters (character_id, name, gender) values ('b4f263cf-bbe8-11ea-b6d8-ab58ae5d7a3a', 'Dickon Tarly', 'M');
INSERT INTO characters (character_id, name, gender) values ('b4f263d1-bbe8-11ea-b6d8-ab58ae5d7a3a', 'Dontos Hollard', 'M');
INSERT INTO characters (character_id, name, gender) values ('b4f263d7-bbe8-11ea-b6d8-ab58ae5d7a3a', 'Doran Martell', 'M');
INSERT INTO characters (character_id, name, gender) values ('b4f263da-bbe8-11ea-b6d8-ab58ae5d7a3a', 'Eddard Stark', 'M');
INSERT INTO characters (character_id, name, gender) values ('b4f263e4-bbe8-11ea-b6d8-ab58ae5d7a3a', 'Eddison Tollet', 'M');
INSERT INTO characters (character_id, name, gender) values ('b4f263e7-bbe8-11ea-b6d8-ab58ae5d7a3a', 'Edmure Tully', 'M');
INSERT INTO characters (character_id, name, gender) values ('b4f263eb-bbe8-11ea-b6d8-ab58ae5d7a3a', 'Ellaria Sand', 'F');
INSERT INTO characters (character_id, name, gender) values ('b4f263ef-bbe8-11ea-b6d8-ab58ae5d7a3a', 'Galbart Glover', 'M');
INSERT INTO characters (character_id, name, gender) values ('b4f263f2-bbe8-11ea-b6d8-ab58ae5d7a3a', 'Gerold Hightower', 'M');
INSERT INTO characters (character_id, name, gender) values ('b4f263f7-bbe8-11ea-b6d8-ab58ae5d7a3a', 'Grenn', 'M');
INSERT INTO characters (character_id, name, gender) values ('b4f263f9-bbe8-11ea-b6d8-ab58ae5d7a3a', 'Howland Reed', 'M');
INSERT INTO characters (character_id, name, gender) values ('b4f263fc-bbe8-11ea-b6d8-ab58ae5d7a3a', 'Ilyn Payne', 'M');
INSERT INTO characters (character_id, name, gender) values ('b4f263ff-bbe8-11ea-b6d8-ab58ae5d7a3a', 'Imry Florent', 'M');
INSERT INTO characters (character_id, name, gender) values ('b4f26404-bbe8-11ea-b6d8-ab58ae5d7a3a', 'Jaime Lannister', 'M');
INSERT INTO characters (character_id, name, gender) values ('b4f2640d-bbe8-11ea-b6d8-ab58ae5d7a3a', 'Janos Slynt', 'M');
INSERT INTO characters (character_id, name, gender) values ('b4f26410-bbe8-11ea-b6d8-ab58ae5d7a3a', 'Jeor Mormont', 'M');
INSERT INTO characters (character_id, name, gender) values ('b4f26415-bbe8-11ea-b6d8-ab58ae5d7a3a', 'Joffrey Baratheon', 'M');
INSERT INTO characters (character_id, name, gender) values ('b4f2641d-bbe8-11ea-b6d8-ab58ae5d7a3a', 'Jojen Reed', 'M');
INSERT INTO characters (character_id, name, gender) values ('b4f26420-bbe8-11ea-b6d8-ab58ae5d7a3a', 'Jon Arryn', 'M');
INSERT INTO characters (character_id, name, gender) values ('b4f26426-bbe8-11ea-b6d8-ab58ae5d7a3a', 'Jon Snow', 'M');
INSERT INTO characters (character_id, name, gender) values ('b4f26431-bbe8-11ea-b6d8-ab58ae5d7a3a', 'Jon Umber', 'M');
INSERT INTO characters (character_id, name, gender) values ('b4f26436-bbe8-11ea-b6d8-ab58ae5d7a3a', 'Jon Umber', 'M');
INSERT INTO characters (character_id, name, gender) values ('b4f2643a-bbe8-11ea-b6d8-ab58ae5d7a3a', 'Jory Cassel', 'M');
INSERT INTO characters (character_id, name, gender) values ('b4f2643d-bbe8-11ea-b6d8-ab58ae5d7a3a', 'Joyeuse Erenford', 'F');
INSERT INTO characters (character_id, name, gender) values ('b4f26441-bbe8-11ea-b6d8-ab58ae5d7a3a', 'Kevan Lannister', 'M');
INSERT INTO characters (character_id, name, gender) values ('b4f26447-bbe8-11ea-b6d8-ab58ae5d7a3a', 'Lancel Lannister', 'M');
INSERT INTO characters (character_id, name, gender) values ('b4f2644c-bbe8-11ea-b6d8-ab58ae5d7a3a', 'Loras Tyrell', 'M');
INSERT INTO characters (character_id, name, gender) values ('b4f26453-bbe8-11ea-b6d8-ab58ae5d7a3a', 'Lothar Frey', 'M');
INSERT INTO characters (character_id, name, gender) values ('b4f26457-bbe8-11ea-b6d8-ab58ae5d7a3a', 'Lyanna Mormont', 'F');
INSERT INTO characters (character_id, name, gender) values ('b4f26459-bbe8-11ea-b6d8-ab58ae5d7a3a', 'Lysa Arryn', 'F');
INSERT INTO characters (character_id, name, gender) values ('b4f2645f-bbe8-11ea-b6d8-ab58ae5d7a3a', 'Mace Tyrell', 'M');
INSERT INTO characters (character_id, name, gender) values ('b4f2646a-bbe8-11ea-b6d8-ab58ae5d7a3a', 'Maege Mormont', 'F');
INSERT INTO characters (character_id, name, gender) values ('b4f2646e-bbe8-11ea-b6d8-ab58ae5d7a3a', 'Mandon Moore', 'M');
INSERT INTO characters (character_id, name, gender) values ('b4f26471-bbe8-11ea-b6d8-ab58ae5d7a3a', 'Martyn Lannister', 'M');
INSERT INTO characters (character_id, name, gender) values ('b4f26473-bbe8-11ea-b6d8-ab58ae5d7a3a', 'Meera Reed', 'F');
INSERT INTO characters (character_id, name, gender) values ('b4f26475-bbe8-11ea-b6d8-ab58ae5d7a3a', 'Melessa Florent', 'F');
INSERT INTO characters (character_id, name, gender) values ('b4f26478-bbe8-11ea-b6d8-ab58ae5d7a3a', 'Melisandre', 'F');
INSERT INTO characters (character_id, name, gender) values ('b4f2647e-bbe8-11ea-b6d8-ab58ae5d7a3a', 'Meryn Trant', 'M');
INSERT INTO characters (character_id, name, gender) values ('b4f26481-bbe8-11ea-b6d8-ab58ae5d7a3a', 'Myrcella Baratheon', 'F');
INSERT INTO characters (character_id, name, gender) values ('b4f26484-bbe8-11ea-b6d8-ab58ae5d7a3a', 'Olenna Redwyne', 'F');
INSERT INTO characters (character_id, name, gender) values ('b4f26489-bbe8-11ea-b6d8-ab58ae5d7a3a', 'Othell Yarwyck', 'M');
INSERT INTO characters (character_id, name, gender) values ('b4f2648c-bbe8-11ea-b6d8-ab58ae5d7a3a', 'Petyr Baelish', 'M');
INSERT INTO characters (character_id, name, gender) values ('b4f26494-bbe8-11ea-b6d8-ab58ae5d7a3a', 'Podrick Payne', 'M');
INSERT INTO characters (character_id, name, gender) values ('b4f26497-bbe8-11ea-b6d8-ab58ae5d7a3a', 'Pypar', 'M');
INSERT INTO characters (character_id, name, gender) values ('b4f2649b-bbe8-11ea-b6d8-ab58ae5d7a3a', 'Qhorin', 'M');
INSERT INTO characters (character_id, name, gender) values ('b4f2649d-bbe8-11ea-b6d8-ab58ae5d7a3a', 'Ramsay Snow', 'M');
INSERT INTO characters (character_id, name, gender) values ('b4f264a8-bbe8-11ea-b6d8-ab58ae5d7a3a', 'Randyll Tarly', 'M');
INSERT INTO characters (character_id, name, gender) values ('b4f264ad-bbe8-11ea-b6d8-ab58ae5d7a3a', 'Renly Baratheon', 'M');
INSERT INTO characters (character_id, name, gender) values ('b4f264b5-bbe8-11ea-b6d8-ab58ae5d7a3a', 'Rickard Karstark', 'M');
INSERT INTO characters (character_id, name, gender) values ('b4f264b8-bbe8-11ea-b6d8-ab58ae5d7a3a', 'Rickard Stark', 'M');
INSERT INTO characters (character_id, name, gender) values ('b4f264bc-bbe8-11ea-b6d8-ab58ae5d7a3a', 'Rickon Stark', 'M');
INSERT INTO characters (character_id, name, gender) values ('b4f264c0-bbe8-11ea-b6d8-ab58ae5d7a3a', 'Robert Arryn', 'M');
INSERT INTO characters (character_id, name, gender) values ('b4f264c7-bbe8-11ea-b6d8-ab58ae5d7a3a', 'Robert I Baratheon', 'M');
INSERT INTO characters (character_id, name, gender) values ('b4f264cf-bbe8-11ea-b6d8-ab58ae5d7a3a', 'Robett Glover', 'M');
INSERT INTO characters (character_id, name, gender) values ('b4f264d1-bbe8-11ea-b6d8-ab58ae5d7a3a', 'Rodrik Cassel', 'M');
INSERT INTO characters (character_id, name, gender) values ('b4f264d8-bbe8-11ea-b6d8-ab58ae5d7a3a', 'Roose Bolton', 'M');
INSERT INTO characters (character_id, name, gender) values ('b4f264dd-bbe8-11ea-b6d8-ab58ae5d7a3a', 'Roslin Frey', 'F');
INSERT INTO characters (character_id, name, gender) values ('b4f264e0-bbe8-11ea-b6d8-ab58ae5d7a3a', 'Samwell Tarly', 'M');
INSERT INTO characters (character_id, name, gender) values ('b4f264e9-bbe8-11ea-b6d8-ab58ae5d7a3a', 'Sandor Clegane', 'M');
INSERT INTO characters (character_id, name, gender) values ('b4f264ee-bbe8-11ea-b6d8-ab58ae5d7a3a', 'Sansa Stark', 'F');
INSERT INTO characters (character_id, name, gender) values ('b4f264f5-bbe8-11ea-b6d8-ab58ae5d7a3a', 'Shireen Baratheon', 'F');
INSERT INTO characters (character_id, name, gender) values ('b4f264f8-bbe8-11ea-b6d8-ab58ae5d7a3a', 'Stevron Frey', 'M');
INSERT INTO characters (character_id, name, gender) values ('b4f264fb-bbe8-11ea-b6d8-ab58ae5d7a3a', 'Talla Tarly', 'F');
INSERT INTO characters (character_id, name, gender) values ('b4f264fd-bbe8-11ea-b6d8-ab58ae5d7a3a', 'Theon Greyjoy', 'M');
INSERT INTO characters (character_id, name, gender) values ('b4f26506-bbe8-11ea-b6d8-ab58ae5d7a3a', 'Tommen Baratheon', 'M');
INSERT INTO characters (character_id, name, gender) values ('b4f2650a-bbe8-11ea-b6d8-ab58ae5d7a3a', 'Torrhen Karstark', 'M');
INSERT INTO characters (character_id, name, gender) values ('b4f2650d-bbe8-11ea-b6d8-ab58ae5d7a3a', 'Trystane Martell', 'M');
INSERT INTO characters (character_id, name, gender) values ('b4f26510-bbe8-11ea-b6d8-ab58ae5d7a3a', 'Tyrion Lannister', 'M');
INSERT INTO characters (character_id, name, gender) values ('b4f2651f-bbe8-11ea-b6d8-ab58ae5d7a3a', 'Vardis Egen', 'M');
INSERT INTO characters (character_id, name, gender) values ('b4f26524-bbe8-11ea-b6d8-ab58ae5d7a3a', 'Viserys Targaryen', 'M');
INSERT INTO characters (character_id, name, gender) values ('b4f26529-bbe8-11ea-b6d8-ab58ae5d7a3a', 'Walda Frey', 'F');
INSERT INTO characters (character_id, name, gender) values ('b4f2652e-bbe8-11ea-b6d8-ab58ae5d7a3a', 'Walder Frey', 'M');
INSERT INTO characters (character_id, name, gender) values ('b4f26531-bbe8-11ea-b6d8-ab58ae5d7a3a', 'Walder Frey', 'M');
INSERT INTO characters (character_id, name, gender) values ('b4f26536-bbe8-11ea-b6d8-ab58ae5d7a3a', 'Waymar Royce', 'M');
INSERT INTO characters (character_id, name, gender) values ('b4f26539-bbe8-11ea-b6d8-ab58ae5d7a3a', 'Wendel Manderly', 'M');
INSERT INTO characters (character_id, name, gender) values ('b4f2653c-bbe8-11ea-b6d8-ab58ae5d7a3a', 'Yohn Royce', 'M');
INSERT INTO characters (character_id, name, gender) values ('b4f26540-bbe8-11ea-b6d8-ab58ae5d7a3a', 'Yoren', 'M');
INSERT INTO characters (character_id, name, gender) values ('b4f26541-bbe8-11ea-b6d8-ab58ae5d7a3a', 'Aggo', 'M');
INSERT INTO characters (character_id, name, gender) values ('b4f26544-bbe8-11ea-b6d8-ab58ae5d7a3a', 'Anguy', 'M');
INSERT INTO characters (character_id, name, gender) values ('b4f26546-bbe8-11ea-b6d8-ab58ae5d7a3a', 'Areo Hotah', 'M');
INSERT INTO characters (character_id, name, gender) values ('b4f26549-bbe8-11ea-b6d8-ab58ae5d7a3a', 'Biter', 'M');
INSERT INTO characters (character_id, name, gender) values ('b4f2654a-bbe8-11ea-b6d8-ab58ae5d7a3a', 'Brynden Rivers', 'M');
INSERT INTO characters (character_id, name, gender) values ('b4f26551-bbe8-11ea-b6d8-ab58ae5d7a3a', 'Caleotte', 'M');
INSERT INTO characters (character_id, name, gender) values ('b4f26554-bbe8-11ea-b6d8-ab58ae5d7a3a', 'Chella daughter of Cheyk', 'F');
INSERT INTO characters (character_id, name, gender) values ('b4f26555-bbe8-11ea-b6d8-ab58ae5d7a3a', 'Craster', 'M');
INSERT INTO characters (character_id, name, gender) values ('b4f26556-bbe8-11ea-b6d8-ab58ae5d7a3a', 'Cressen', 'M');
INSERT INTO characters (character_id, name, gender) values ('b4f26558-bbe8-11ea-b6d8-ab58ae5d7a3a', 'Daario Naharis', 'M');
INSERT INTO characters (character_id, name, gender) values ('b4f26559-bbe8-11ea-b6d8-ab58ae5d7a3a', 'Daemon Sand', 'M');
INSERT INTO characters (character_id, name, gender) values ('b4f2655d-bbe8-11ea-b6d8-ab58ae5d7a3a', 'Daenerys Targaryen', 'F');
INSERT INTO characters (character_id, name, gender) values ('b4f2656f-bbe8-11ea-b6d8-ab58ae5d7a3a', 'Dagmer', 'M');
INSERT INTO characters (character_id, name, gender) values ('b4f26573-bbe8-11ea-b6d8-ab58ae5d7a3a', 'Davos Seaworth', 'M');
INSERT INTO characters (character_id, name, gender) values ('b4f2657f-bbe8-11ea-b6d8-ab58ae5d7a3a', 'Doreah', 'F');
INSERT INTO characters (character_id, name, gender) values ('b4f26581-bbe8-11ea-b6d8-ab58ae5d7a3a', 'Drennan', 'M');
INSERT INTO characters (character_id, name, gender) values ('b4f26583-bbe8-11ea-b6d8-ab58ae5d7a3a', 'Drogo', 'M');
INSERT INTO characters (character_id, name, gender) values ('b4f26587-bbe8-11ea-b6d8-ab58ae5d7a3a', 'Farlen', 'M');
INSERT INTO characters (character_id, name, gender) values ('b4f26589-bbe8-11ea-b6d8-ab58ae5d7a3a', 'Gendry', 'M');
INSERT INTO characters (character_id, name, gender) values ('b4f2658d-bbe8-11ea-b6d8-ab58ae5d7a3a', 'Gilly', 'F');
INSERT INTO characters (character_id, name, gender) values ('b4f2658f-bbe8-11ea-b6d8-ab58ae5d7a3a', 'Gregor Clegane', 'M');
INSERT INTO characters (character_id, name, gender) values ('b4f26597-bbe8-11ea-b6d8-ab58ae5d7a3a', 'Grey Worm', 'M');
INSERT INTO characters (character_id, name, gender) values ('b4f26599-bbe8-11ea-b6d8-ab58ae5d7a3a', 'Hallyne', 'M');
INSERT INTO characters (character_id, name, gender) values ('b4f2659d-bbe8-11ea-b6d8-ab58ae5d7a3a', 'Hizdahr zo Loraq', 'M');
INSERT INTO characters (character_id, name, gender) values ('b4f265a5-bbe8-11ea-b6d8-ab58ae5d7a3a', 'Hot Pie', 'M');
INSERT INTO characters (character_id, name, gender) values ('b4f265a6-bbe8-11ea-b6d8-ab58ae5d7a3a', 'Iggo', 'M');
INSERT INTO characters (character_id, name, gender) values ('b4f265a7-bbe8-11ea-b6d8-ab58ae5d7a3a', 'Illyrio Mopatis', 'M');
INSERT INTO characters (character_id, name, gender) values ('b4f265ad-bbe8-11ea-b6d8-ab58ae5d7a3a', 'Irri', 'F');
INSERT INTO characters (character_id, name, gender) values ('b4f265af-bbe8-11ea-b6d8-ab58ae5d7a3a', 'Jaqen H''ghar', 'M');
INSERT INTO characters (character_id, name, gender) values ('b4f265b1-bbe8-11ea-b6d8-ab58ae5d7a3a', 'Jhiqui', 'F');
INSERT INTO characters (character_id, name, gender) values ('b4f265b3-bbe8-11ea-b6d8-ab58ae5d7a3a', 'Jonos Bracken', 'M');
INSERT INTO characters (character_id, name, gender) values ('b4f265b6-bbe8-11ea-b6d8-ab58ae5d7a3a', 'Jorah Mormont', 'M');
INSERT INTO characters (character_id, name, gender) values ('b4f265bd-bbe8-11ea-b6d8-ab58ae5d7a3a', 'Karl', 'M');
INSERT INTO characters (character_id, name, gender) values ('b4f265bf-bbe8-11ea-b6d8-ab58ae5d7a3a', 'Kraznys mo Nakloz', 'M');
INSERT INTO characters (character_id, name, gender) values ('b4f265c0-bbe8-11ea-b6d8-ab58ae5d7a3a', 'Lem', 'M');
INSERT INTO characters (character_id, name, gender) values ('b4f265c4-bbe8-11ea-b6d8-ab58ae5d7a3a', 'Lommy', 'M');
INSERT INTO characters (character_id, name, gender) values ('b4f265c6-bbe8-11ea-b6d8-ab58ae5d7a3a', 'Lord of Bones', 'M');
INSERT INTO characters (character_id, name, gender) values ('b4f265ca-bbe8-11ea-b6d8-ab58ae5d7a3a', 'Lorren', 'M');
INSERT INTO characters (character_id, name, gender) values ('b4f265cc-bbe8-11ea-b6d8-ab58ae5d7a3a', 'Luwin', 'M');
INSERT INTO characters (character_id, name, gender) values ('b4f265ce-bbe8-11ea-b6d8-ab58ae5d7a3a', 'Lyanna Stark', 'F');
INSERT INTO characters (character_id, name, gender) values ('b4f265d3-bbe8-11ea-b6d8-ab58ae5d7a3a', 'Maggy', 'F');
INSERT INTO characters (character_id, name, gender) values ('b4f265d5-bbe8-11ea-b6d8-ab58ae5d7a3a', 'Mago', 'M');
INSERT INTO characters (character_id, name, gender) values ('b4f265d7-bbe8-11ea-b6d8-ab58ae5d7a3a', 'Mance Rayder', 'M');
INSERT INTO characters (character_id, name, gender) values ('b4f265dc-bbe8-11ea-b6d8-ab58ae5d7a3a', 'Marei', 'F');
INSERT INTO characters (character_id, name, gender) values ('b4f265dd-bbe8-11ea-b6d8-ab58ae5d7a3a', 'Marillion', 'M');
INSERT INTO characters (character_id, name, gender) values ('b4f265de-bbe8-11ea-b6d8-ab58ae5d7a3a', 'Masha Heddle', 'F');
INSERT INTO characters (character_id, name, gender) values ('b4f265df-bbe8-11ea-b6d8-ab58ae5d7a3a', 'Matthos Seaworth', 'M');
INSERT INTO characters (character_id, name, gender) values ('b4f265e1-bbe8-11ea-b6d8-ab58ae5d7a3a', 'Mero', 'M');
INSERT INTO characters (character_id, name, gender) values ('b4f265e4-bbe8-11ea-b6d8-ab58ae5d7a3a', 'Mikken', 'M');
INSERT INTO characters (character_id, name, gender) values ('b4f265e6-bbe8-11ea-b6d8-ab58ae5d7a3a', 'Mirri Maz Duur', 'F');
INSERT INTO characters (character_id, name, gender) values ('b4f265e9-bbe8-11ea-b6d8-ab58ae5d7a3a', 'Missandei', 'F');
INSERT INTO characters (character_id, name, gender) values ('b4f265eb-bbe8-11ea-b6d8-ab58ae5d7a3a', 'Mord', 'M');
INSERT INTO characters (character_id, name, gender) values ('b4f265ed-bbe8-11ea-b6d8-ab58ae5d7a3a', 'Moro', 'M');
INSERT INTO characters (character_id, name, gender) values ('b4f265ef-bbe8-11ea-b6d8-ab58ae5d7a3a', 'Mycah', 'M');
INSERT INTO characters (character_id, name, gender) values ('b4f265f0-bbe8-11ea-b6d8-ab58ae5d7a3a', 'Nan', 'F');
INSERT INTO characters (character_id, name, gender) values ('b4f265f3-bbe8-11ea-b6d8-ab58ae5d7a3a', 'Nymeria Sand', 'F');
INSERT INTO characters (character_id, name, gender) values ('b4f265f6-bbe8-11ea-b6d8-ab58ae5d7a3a', 'Obara Sand', 'F');
INSERT INTO characters (character_id, name, gender) values ('b4f265f8-bbe8-11ea-b6d8-ab58ae5d7a3a', 'Oberyn Nymeros Martell', 'M');
INSERT INTO characters (character_id, name, gender) values ('b4f265fc-bbe8-11ea-b6d8-ab58ae5d7a3a', 'Orell', 'M');
INSERT INTO characters (character_id, name, gender) values ('b4f265fd-bbe8-11ea-b6d8-ab58ae5d7a3a', 'Osha', 'F');
INSERT INTO characters (character_id, name, gender) values ('b4f265ff-bbe8-11ea-b6d8-ab58ae5d7a3a', 'Othor', 'M');
INSERT INTO characters (character_id, name, gender) values ('b4f26600-bbe8-11ea-b6d8-ab58ae5d7a3a', 'Polliver', 'M');
INSERT INTO characters (character_id, name, gender) values ('b4f26604-bbe8-11ea-b6d8-ab58ae5d7a3a', 'Prendahl na Ghezn', 'M');
INSERT INTO characters (character_id, name, gender) values ('b4f26605-bbe8-11ea-b6d8-ab58ae5d7a3a', 'Pyat Pree', 'M');
INSERT INTO characters (character_id, name, gender) values ('b4f26607-bbe8-11ea-b6d8-ab58ae5d7a3a', 'Pycelle', 'M');
INSERT INTO characters (character_id, name, gender) values ('b4f2660c-bbe8-11ea-b6d8-ab58ae5d7a3a', 'Qotho', 'M');
INSERT INTO characters (character_id, name, gender) values ('b4f2660e-bbe8-11ea-b6d8-ab58ae5d7a3a', 'Quaithe', 'F');
INSERT INTO characters (character_id, name, gender) values ('b4f26610-bbe8-11ea-b6d8-ab58ae5d7a3a', 'Qyburn', 'M');
INSERT INTO characters (character_id, name, gender) values ('b4f26614-bbe8-11ea-b6d8-ab58ae5d7a3a', 'Rakharo', 'M');
INSERT INTO characters (character_id, name, gender) values ('b4f26618-bbe8-11ea-b6d8-ab58ae5d7a3a', 'Rast', 'M');
INSERT INTO characters (character_id, name, gender) values ('b4f2661a-bbe8-11ea-b6d8-ab58ae5d7a3a', 'Robb Stark', 'M');
INSERT INTO characters (character_id, name, gender) values ('b4f26621-bbe8-11ea-b6d8-ab58ae5d7a3a', 'Rorge', 'M');
INSERT INTO characters (character_id, name, gender) values ('b4f26625-bbe8-11ea-b6d8-ab58ae5d7a3a', 'Ryger Rivers', 'M');
INSERT INTO characters (character_id, name, gender) values ('b4f26627-bbe8-11ea-b6d8-ab58ae5d7a3a', 'Salladhor Saan', 'M');
INSERT INTO characters (character_id, name, gender) values ('b4f2662b-bbe8-11ea-b6d8-ab58ae5d7a3a', 'Selyse Florent', 'F');
INSERT INTO characters (character_id, name, gender) values ('b4f26631-bbe8-11ea-b6d8-ab58ae5d7a3a', 'Shae', 'F');
INSERT INTO characters (character_id, name, gender) values ('b4f26632-bbe8-11ea-b6d8-ab58ae5d7a3a', 'Stannis Baratheon', 'M');
INSERT INTO characters (character_id, name, gender) values ('b4f2663d-bbe8-11ea-b6d8-ab58ae5d7a3a', 'Stiv', 'M');
INSERT INTO characters (character_id, name, gender) values ('b4f2663e-bbe8-11ea-b6d8-ab58ae5d7a3a', 'Styr', 'M');
INSERT INTO characters (character_id, name, gender) values ('b4f26640-bbe8-11ea-b6d8-ab58ae5d7a3a', 'Syrio Forel', 'M');
INSERT INTO characters (character_id, name, gender) values ('b4f26643-bbe8-11ea-b6d8-ab58ae5d7a3a', 'Ternesio Terys', 'M');
INSERT INTO characters (character_id, name, gender) values ('b4f26645-bbe8-11ea-b6d8-ab58ae5d7a3a', 'The Tickler', 'F');
INSERT INTO characters (character_id, name, gender) values ('b4f26648-bbe8-11ea-b6d8-ab58ae5d7a3a', 'Thoros of Myr', 'M');
INSERT INTO characters (character_id, name, gender) values ('b4f2664b-bbe8-11ea-b6d8-ab58ae5d7a3a', 'Timett, son of Timett', 'M');
INSERT INTO characters (character_id, name, gender) values ('b4f2664e-bbe8-11ea-b6d8-ab58ae5d7a3a', 'Tobho Mott', 'M');
INSERT INTO characters (character_id, name, gender) values ('b4f2664f-bbe8-11ea-b6d8-ab58ae5d7a3a', 'Tormund', 'M');
INSERT INTO characters (character_id, name, gender) values ('b4f2665e-bbe8-11ea-b6d8-ab58ae5d7a3a', 'Tycho Nestoris', 'M');
INSERT INTO characters (character_id, name, gender) values ('b4f26660-bbe8-11ea-b6d8-ab58ae5d7a3a', 'Tyene Sand', 'F');
INSERT INTO characters (character_id, name, gender) values ('b4f26662-bbe8-11ea-b6d8-ab58ae5d7a3a', 'Varys', 'M');
INSERT INTO characters (character_id, name, gender) values ('b4f26668-bbe8-11ea-b6d8-ab58ae5d7a3a', 'Walton', 'M');
INSERT INTO characters (character_id, name, gender) values ('b4f2666b-bbe8-11ea-b6d8-ab58ae5d7a3a', 'Wun Weg Wun Dar Wun', 'M');
INSERT INTO characters (character_id, name, gender) values ('b4f2666d-bbe8-11ea-b6d8-ab58ae5d7a3a', 'Xaro Xhoan Daxos', 'M');
INSERT INTO characters (character_id, name, gender) values ('b4f2666e-bbe8-11ea-b6d8-ab58ae5d7a3a', 'Ygritte', 'F');
INSERT INTO titles (title_id, title, character_id) values ('b4f26322-bbe8-11ea-b6d8-ab58ae5d7a3a', 'Iron King', 'b4f26321-bbe8-11ea-b6d8-ab58ae5d7a3a');
INSERT INTO titles (title_id, title, character_id) values ('b4f26323-bbe8-11ea-b6d8-ab58ae5d7a3a', 'King of the Isles and the North', 'b4f26321-bbe8-11ea-b6d8-ab58ae5d7a3a');
INSERT INTO titles (title_id, title, character_id) values ('b4f26324-bbe8-11ea-b6d8-ab58ae5d7a3a', 'King of Salt and Rock', 'b4f26321-bbe8-11ea-b6d8-ab58ae5d7a3a');
INSERT INTO titles (title_id, title, character_id) values ('b4f26325-bbe8-11ea-b6d8-ab58ae5d7a3a', 'Son of the Sea Wind', 'b4f26321-bbe8-11ea-b6d8-ab58ae5d7a3a');
INSERT INTO titles (title_id, title, character_id) values ('b4f26326-bbe8-11ea-b6d8-ab58ae5d7a3a', 'Lord Reaper of Pyke', 'b4f26321-bbe8-11ea-b6d8-ab58ae5d7a3a');
INSERT INTO titles (title_id, title, character_id) values ('b4f26327-bbe8-11ea-b6d8-ab58ae5d7a3a', 'The Greyjoy', 'b4f26321-bbe8-11ea-b6d8-ab58ae5d7a3a');
INSERT INTO titles (title_id, title, character_id) values ('b4f26328-bbe8-11ea-b6d8-ab58ae5d7a3a', 'Captain of the Great Kraken', 'b4f26321-bbe8-11ea-b6d8-ab58ae5d7a3a');
INSERT INTO titles (title_id, title, character_id) values ('b4f2632f-bbe8-11ea-b6d8-ab58ae5d7a3a', 'High Septon', 'b4f2632e-bbe8-11ea-b6d8-ab58ae5d7a3a');
INSERT INTO titles (title_id, title, character_id) values ('b4f26330-bbe8-11ea-b6d8-ab58ae5d7a3a', 'His High Holiness', 'b4f2632e-bbe8-11ea-b6d8-ab58ae5d7a3a');
INSERT INTO titles (title_id, title, character_id) values ('b4f26331-bbe8-11ea-b6d8-ab58ae5d7a3a', 'Father of the Faithful', 'b4f2632e-bbe8-11ea-b6d8-ab58ae5d7a3a');
INSERT INTO titles (title_id, title, character_id) values ('b4f26332-bbe8-11ea-b6d8-ab58ae5d7a3a', 'Voice of the Seven on Earth', 'b4f2632e-bbe8-11ea-b6d8-ab58ae5d7a3a');
INSERT INTO titles (title_id, title, character_id) values ('b4f26335-bbe8-11ea-b6d8-ab58ae5d7a3a', 'Queen of the Seven Kingdoms', 'b4f26334-bbe8-11ea-b6d8-ab58ae5d7a3a');
INSERT INTO titles (title_id, title, character_id) values ('b4f2633b-bbe8-11ea-b6d8-ab58ae5d7a3a', 'Septa', 'b4f2633a-bbe8-11ea-b6d8-ab58ae5d7a3a');
INSERT INTO titles (title_id, title, character_id) values ('b4f2633e-bbe8-11ea-b6d8-ab58ae5d7a3a', 'Lord of Casterly Rock', 'b4f2633d-bbe8-11ea-b6d8-ab58ae5d7a3a');
INSERT INTO titles (title_id, title, character_id) values ('b4f2633f-bbe8-11ea-b6d8-ab58ae5d7a3a', 'Shield of Lannisport', 'b4f2633d-bbe8-11ea-b6d8-ab58ae5d7a3a');
INSERT INTO titles (title_id, title, character_id) values ('b4f26340-bbe8-11ea-b6d8-ab58ae5d7a3a', 'Warden of the West', 'b4f2633d-bbe8-11ea-b6d8-ab58ae5d7a3a');
INSERT INTO titles (title_id, title, character_id) values ('b4f26341-bbe8-11ea-b6d8-ab58ae5d7a3a', 'Hand of the King', 'b4f2633d-bbe8-11ea-b6d8-ab58ae5d7a3a');
INSERT INTO titles (title_id, title, character_id) values ('b4f26342-bbe8-11ea-b6d8-ab58ae5d7a3a', 'Savior of the City (of King''s Landing)', 'b4f2633d-bbe8-11ea-b6d8-ab58ae5d7a3a');
INSERT INTO titles (title_id, title, character_id) values ('b4f26348-bbe8-11ea-b6d8-ab58ae5d7a3a', 'Septa', 'b4f26347-bbe8-11ea-b6d8-ab58ae5d7a3a');
INSERT INTO titles (title_id, title, character_id) values ('b4f2634a-bbe8-11ea-b6d8-ab58ae5d7a3a', 'Ser', 'b4f26349-bbe8-11ea-b6d8-ab58ae5d7a3a');
INSERT INTO titles (title_id, title, character_id) values ('b4f2634b-bbe8-11ea-b6d8-ab58ae5d7a3a', 'Commander of the City Watch', 'b4f26349-bbe8-11ea-b6d8-ab58ae5d7a3a');
INSERT INTO titles (title_id, title, character_id) values ('b4f2634e-bbe8-11ea-b6d8-ab58ae5d7a3a', 'Maester', 'b4f2634d-bbe8-11ea-b6d8-ab58ae5d7a3a');
INSERT INTO titles (title_id, title, character_id) values ('b4f26353-bbe8-11ea-b6d8-ab58ae5d7a3a', 'Priest of the Drowned God', 'b4f26352-bbe8-11ea-b6d8-ab58ae5d7a3a');
INSERT INTO titles (title_id, title, character_id) values ('b4f26354-bbe8-11ea-b6d8-ab58ae5d7a3a', 'Captain of the Golden Storm (formerly)', 'b4f26352-bbe8-11ea-b6d8-ab58ae5d7a3a');
INSERT INTO titles (title_id, title, character_id) values ('b4f26359-bbe8-11ea-b6d8-ab58ae5d7a3a', 'King of the Andals, the Rhoynar and the First Men', 'b4f26358-bbe8-11ea-b6d8-ab58ae5d7a3a');
INSERT INTO titles (title_id, title, character_id) values ('b4f2635a-bbe8-11ea-b6d8-ab58ae5d7a3a', 'Lord of the Seven Kingdoms', 'b4f26358-bbe8-11ea-b6d8-ab58ae5d7a3a');
INSERT INTO titles (title_id, title, character_id) values ('b4f2635b-bbe8-11ea-b6d8-ab58ae5d7a3a', 'Protector of the Realm', 'b4f26358-bbe8-11ea-b6d8-ab58ae5d7a3a');
INSERT INTO titles (title_id, title, character_id) values ('b4f2635f-bbe8-11ea-b6d8-ab58ae5d7a3a', 'Ser', 'b4f2635e-bbe8-11ea-b6d8-ab58ae5d7a3a');
INSERT INTO titles (title_id, title, character_id) values ('b4f26362-bbe8-11ea-b6d8-ab58ae5d7a3a', 'Ser', 'b4f26361-bbe8-11ea-b6d8-ab58ae5d7a3a');
INSERT INTO titles (title_id, title, character_id) values ('b4f26363-bbe8-11ea-b6d8-ab58ae5d7a3a', 'Castellan of Harrenhal', 'b4f26361-bbe8-11ea-b6d8-ab58ae5d7a3a');
INSERT INTO titles (title_id, title, character_id) values ('b4f26368-bbe8-11ea-b6d8-ab58ae5d7a3a', 'Lady of Ironoaks', 'b4f26367-bbe8-11ea-b6d8-ab58ae5d7a3a');
INSERT INTO titles (title_id, title, character_id) values ('b4f2636b-bbe8-11ea-b6d8-ab58ae5d7a3a', 'Ser', 'b4f2636a-bbe8-11ea-b6d8-ab58ae5d7a3a');
INSERT INTO titles (title_id, title, character_id) values ('b4f2636c-bbe8-11ea-b6d8-ab58ae5d7a3a', 'Sword of the Morning', 'b4f2636a-bbe8-11ea-b6d8-ab58ae5d7a3a');
INSERT INTO titles (title_id, title, character_id) values ('b4f2636f-bbe8-11ea-b6d8-ab58ae5d7a3a', 'Princess', 'b4f2636e-bbe8-11ea-b6d8-ab58ae5d7a3a');
INSERT INTO titles (title_id, title, character_id) values ('b4f26382-bbe8-11ea-b6d8-ab58ae5d7a3a', 'Princess', 'b4f26381-bbe8-11ea-b6d8-ab58ae5d7a3a');
INSERT INTO titles (title_id, title, character_id) values ('b4f26383-bbe8-11ea-b6d8-ab58ae5d7a3a', 'Captain of the Black Wind', 'b4f26381-bbe8-11ea-b6d8-ab58ae5d7a3a');
INSERT INTO titles (title_id, title, character_id) values ('b4f26384-bbe8-11ea-b6d8-ab58ae5d7a3a', 'Conqueror of Deepwood Motte', 'b4f26381-bbe8-11ea-b6d8-ab58ae5d7a3a');
INSERT INTO titles (title_id, title, character_id) values ('b4f2638a-bbe8-11ea-b6d8-ab58ae5d7a3a', 'Ser', 'b4f26389-bbe8-11ea-b6d8-ab58ae5d7a3a');
INSERT INTO titles (title_id, title, character_id) values ('b4f2638b-bbe8-11ea-b6d8-ab58ae5d7a3a', 'Hand of the Queen', 'b4f26389-bbe8-11ea-b6d8-ab58ae5d7a3a');
INSERT INTO titles (title_id, title, character_id) values ('b4f26394-bbe8-11ea-b6d8-ab58ae5d7a3a', 'First Ranger', 'b4f26393-bbe8-11ea-b6d8-ab58ae5d7a3a');
INSERT INTO titles (title_id, title, character_id) values ('b4f26399-bbe8-11ea-b6d8-ab58ae5d7a3a', 'Lord of Blackhaven', 'b4f26398-bbe8-11ea-b6d8-ab58ae5d7a3a');
INSERT INTO titles (title_id, title, character_id) values ('b4f2639f-bbe8-11ea-b6d8-ab58ae5d7a3a', 'Lord Steward', 'b4f2639e-bbe8-11ea-b6d8-ab58ae5d7a3a');
INSERT INTO titles (title_id, title, character_id) values ('b4f263a0-bbe8-11ea-b6d8-ab58ae5d7a3a', 'First Steward', 'b4f2639e-bbe8-11ea-b6d8-ab58ae5d7a3a');
INSERT INTO titles (title_id, title, character_id) values ('b4f263a3-bbe8-11ea-b6d8-ab58ae5d7a3a', 'Prince of Winterfell', 'b4f263a2-bbe8-11ea-b6d8-ab58ae5d7a3a');
INSERT INTO titles (title_id, title, character_id) values ('b4f263b0-bbe8-11ea-b6d8-ab58ae5d7a3a', 'Ser', 'b4f263af-bbe8-11ea-b6d8-ab58ae5d7a3a');
INSERT INTO titles (title_id, title, character_id) values ('b4f263b1-bbe8-11ea-b6d8-ab58ae5d7a3a', 'Lord Protector of Stokeworth', 'b4f263af-bbe8-11ea-b6d8-ab58ae5d7a3a');
INSERT INTO titles (title_id, title, character_id) values ('b4f263b6-bbe8-11ea-b6d8-ab58ae5d7a3a', 'Ser', 'b4f263b5-bbe8-11ea-b6d8-ab58ae5d7a3a');
INSERT INTO titles (title_id, title, character_id) values ('b4f263b7-bbe8-11ea-b6d8-ab58ae5d7a3a', 'Warden of the Southern Marches', 'b4f263b5-bbe8-11ea-b6d8-ab58ae5d7a3a');
INSERT INTO titles (title_id, title, character_id) values ('b4f263b8-bbe8-11ea-b6d8-ab58ae5d7a3a', 'Knight of the Gate (formerly)', 'b4f263b5-bbe8-11ea-b6d8-ab58ae5d7a3a');
INSERT INTO titles (title_id, title, character_id) values ('b4f263bf-bbe8-11ea-b6d8-ab58ae5d7a3a', 'Lady of Winterfell', 'b4f263be-bbe8-11ea-b6d8-ab58ae5d7a3a');
INSERT INTO titles (title_id, title, character_id) values ('b4f263c8-bbe8-11ea-b6d8-ab58ae5d7a3a', 'Light of the West', 'b4f263c7-bbe8-11ea-b6d8-ab58ae5d7a3a');
INSERT INTO titles (title_id, title, character_id) values ('b4f263c9-bbe8-11ea-b6d8-ab58ae5d7a3a', 'Queen Dowager', 'b4f263c7-bbe8-11ea-b6d8-ab58ae5d7a3a');
INSERT INTO titles (title_id, title, character_id) values ('b4f263ca-bbe8-11ea-b6d8-ab58ae5d7a3a', 'Protector of the Realm', 'b4f263c7-bbe8-11ea-b6d8-ab58ae5d7a3a');
INSERT INTO titles (title_id, title, character_id) values ('b4f263cb-bbe8-11ea-b6d8-ab58ae5d7a3a', 'Lady of Casterly Rock', 'b4f263c7-bbe8-11ea-b6d8-ab58ae5d7a3a');
INSERT INTO titles (title_id, title, character_id) values ('b4f263cc-bbe8-11ea-b6d8-ab58ae5d7a3a', 'Queen Regent', 'b4f263c7-bbe8-11ea-b6d8-ab58ae5d7a3a');
INSERT INTO titles (title_id, title, character_id) values ('b4f263d2-bbe8-11ea-b6d8-ab58ae5d7a3a', 'Ser', 'b4f263d1-bbe8-11ea-b6d8-ab58ae5d7a3a');
INSERT INTO titles (title_id, title, character_id) values ('b4f263d8-bbe8-11ea-b6d8-ab58ae5d7a3a', 'Prince of Dorne', 'b4f263d7-bbe8-11ea-b6d8-ab58ae5d7a3a');
INSERT INTO titles (title_id, title, character_id) values ('b4f263db-bbe8-11ea-b6d8-ab58ae5d7a3a', 'Lord of Winterfell', 'b4f263da-bbe8-11ea-b6d8-ab58ae5d7a3a');
INSERT INTO titles (title_id, title, character_id) values ('b4f263dc-bbe8-11ea-b6d8-ab58ae5d7a3a', 'Warden of the North', 'b4f263da-bbe8-11ea-b6d8-ab58ae5d7a3a');
INSERT INTO titles (title_id, title, character_id) values ('b4f263dd-bbe8-11ea-b6d8-ab58ae5d7a3a', 'Hand of the King', 'b4f263da-bbe8-11ea-b6d8-ab58ae5d7a3a');
INSERT INTO titles (title_id, title, character_id) values ('b4f263de-bbe8-11ea-b6d8-ab58ae5d7a3a', 'Protector of the Realm', 'b4f263da-bbe8-11ea-b6d8-ab58ae5d7a3a');
INSERT INTO titles (title_id, title, character_id) values ('b4f263df-bbe8-11ea-b6d8-ab58ae5d7a3a', 'Regent', 'b4f263da-bbe8-11ea-b6d8-ab58ae5d7a3a');
INSERT INTO titles (title_id, title, character_id) values ('b4f263e8-bbe8-11ea-b6d8-ab58ae5d7a3a', 'Ser', 'b4f263e7-bbe8-11ea-b6d8-ab58ae5d7a3a');
INSERT INTO titles (title_id, title, character_id) values ('b4f263e9-bbe8-11ea-b6d8-ab58ae5d7a3a', 'Lord of Riverrun (lost to Emmon Frey)', 'b4f263e7-bbe8-11ea-b6d8-ab58ae5d7a3a');
INSERT INTO titles (title_id, title, character_id) values ('b4f263f0-bbe8-11ea-b6d8-ab58ae5d7a3a', 'Master of Deepwood Motte', 'b4f263ef-bbe8-11ea-b6d8-ab58ae5d7a3a');
INSERT INTO titles (title_id, title, character_id) values ('b4f263f3-bbe8-11ea-b6d8-ab58ae5d7a3a', 'Ser', 'b4f263f2-bbe8-11ea-b6d8-ab58ae5d7a3a');
INSERT INTO titles (title_id, title, character_id) values ('b4f263f4-bbe8-11ea-b6d8-ab58ae5d7a3a', 'Lord Commander of the Kingsguard', 'b4f263f2-bbe8-11ea-b6d8-ab58ae5d7a3a');
INSERT INTO titles (title_id, title, character_id) values ('b4f263fa-bbe8-11ea-b6d8-ab58ae5d7a3a', 'Lord of Greywater Watch', 'b4f263f9-bbe8-11ea-b6d8-ab58ae5d7a3a');
INSERT INTO titles (title_id, title, character_id) values ('b4f263fd-bbe8-11ea-b6d8-ab58ae5d7a3a', 'Ser King''s Justice', 'b4f263fc-bbe8-11ea-b6d8-ab58ae5d7a3a');
INSERT INTO titles (title_id, title, character_id) values ('b4f26400-bbe8-11ea-b6d8-ab58ae5d7a3a', 'Ser', 'b4f263ff-bbe8-11ea-b6d8-ab58ae5d7a3a');
INSERT INTO titles (title_id, title, character_id) values ('b4f26401-bbe8-11ea-b6d8-ab58ae5d7a3a', 'Lord High Captain', 'b4f263ff-bbe8-11ea-b6d8-ab58ae5d7a3a');
INSERT INTO titles (title_id, title, character_id) values ('b4f26405-bbe8-11ea-b6d8-ab58ae5d7a3a', 'Ser', 'b4f26404-bbe8-11ea-b6d8-ab58ae5d7a3a');
INSERT INTO titles (title_id, title, character_id) values ('b4f26406-bbe8-11ea-b6d8-ab58ae5d7a3a', 'Lord Commander of the Kingsguard', 'b4f26404-bbe8-11ea-b6d8-ab58ae5d7a3a');
INSERT INTO titles (title_id, title, character_id) values ('b4f26407-bbe8-11ea-b6d8-ab58ae5d7a3a', 'Warden of the East (formerly)', 'b4f26404-bbe8-11ea-b6d8-ab58ae5d7a3a');
INSERT INTO titles (title_id, title, character_id) values ('b4f2640e-bbe8-11ea-b6d8-ab58ae5d7a3a', 'Commander of the City Watch Lord of Harrenhal', 'b4f2640d-bbe8-11ea-b6d8-ab58ae5d7a3a');
INSERT INTO titles (title_id, title, character_id) values ('b4f26411-bbe8-11ea-b6d8-ab58ae5d7a3a', 'Lord of Bear Island (formerly)', 'b4f26410-bbe8-11ea-b6d8-ab58ae5d7a3a');
INSERT INTO titles (title_id, title, character_id) values ('b4f26412-bbe8-11ea-b6d8-ab58ae5d7a3a', 'Lord Commander of the Night''s Watch', 'b4f26410-bbe8-11ea-b6d8-ab58ae5d7a3a');
INSERT INTO titles (title_id, title, character_id) values ('b4f26416-bbe8-11ea-b6d8-ab58ae5d7a3a', 'King of the Andals, the Rhoynar and the First Men', 'b4f26415-bbe8-11ea-b6d8-ab58ae5d7a3a');
INSERT INTO titles (title_id, title, character_id) values ('b4f26417-bbe8-11ea-b6d8-ab58ae5d7a3a', 'Lord of the Seven Kingdoms', 'b4f26415-bbe8-11ea-b6d8-ab58ae5d7a3a');
INSERT INTO titles (title_id, title, character_id) values ('b4f26418-bbe8-11ea-b6d8-ab58ae5d7a3a', 'Protector of the Realm', 'b4f26415-bbe8-11ea-b6d8-ab58ae5d7a3a');
INSERT INTO titles (title_id, title, character_id) values ('b4f26421-bbe8-11ea-b6d8-ab58ae5d7a3a', 'Lord of the Eyrie', 'b4f26420-bbe8-11ea-b6d8-ab58ae5d7a3a');
INSERT INTO titles (title_id, title, character_id) values ('b4f26422-bbe8-11ea-b6d8-ab58ae5d7a3a', 'Defender of the Vale', 'b4f26420-bbe8-11ea-b6d8-ab58ae5d7a3a');
INSERT INTO titles (title_id, title, character_id) values ('b4f26423-bbe8-11ea-b6d8-ab58ae5d7a3a', 'Warden of the East', 'b4f26420-bbe8-11ea-b6d8-ab58ae5d7a3a');
INSERT INTO titles (title_id, title, character_id) values ('b4f26424-bbe8-11ea-b6d8-ab58ae5d7a3a', 'Hand of the King', 'b4f26420-bbe8-11ea-b6d8-ab58ae5d7a3a');
INSERT INTO titles (title_id, title, character_id) values ('b4f26427-bbe8-11ea-b6d8-ab58ae5d7a3a', 'Lord Commander of the Night''s Watch', 'b4f26426-bbe8-11ea-b6d8-ab58ae5d7a3a');
INSERT INTO titles (title_id, title, character_id) values ('b4f26432-bbe8-11ea-b6d8-ab58ae5d7a3a', 'Lord of the Last Hearth', 'b4f26431-bbe8-11ea-b6d8-ab58ae5d7a3a');
INSERT INTO titles (title_id, title, character_id) values ('b4f2643b-bbe8-11ea-b6d8-ab58ae5d7a3a', 'Captain of the guard', 'b4f2643a-bbe8-11ea-b6d8-ab58ae5d7a3a');
INSERT INTO titles (title_id, title, character_id) values ('b4f2643e-bbe8-11ea-b6d8-ab58ae5d7a3a', 'Lady of the Crossing', 'b4f2643d-bbe8-11ea-b6d8-ab58ae5d7a3a');
INSERT INTO titles (title_id, title, character_id) values ('b4f26442-bbe8-11ea-b6d8-ab58ae5d7a3a', 'Ser', 'b4f26441-bbe8-11ea-b6d8-ab58ae5d7a3a');
INSERT INTO titles (title_id, title, character_id) values ('b4f26443-bbe8-11ea-b6d8-ab58ae5d7a3a', 'Master of laws', 'b4f26441-bbe8-11ea-b6d8-ab58ae5d7a3a');
INSERT INTO titles (title_id, title, character_id) values ('b4f26444-bbe8-11ea-b6d8-ab58ae5d7a3a', 'Lord Regent', 'b4f26441-bbe8-11ea-b6d8-ab58ae5d7a3a');
INSERT INTO titles (title_id, title, character_id) values ('b4f26445-bbe8-11ea-b6d8-ab58ae5d7a3a', 'Protector of the Realm', 'b4f26441-bbe8-11ea-b6d8-ab58ae5d7a3a');
INSERT INTO titles (title_id, title, character_id) values ('b4f26448-bbe8-11ea-b6d8-ab58ae5d7a3a', 'Ser', 'b4f26447-bbe8-11ea-b6d8-ab58ae5d7a3a');
INSERT INTO titles (title_id, title, character_id) values ('b4f26449-bbe8-11ea-b6d8-ab58ae5d7a3a', 'Lord of Darry', 'b4f26447-bbe8-11ea-b6d8-ab58ae5d7a3a');
INSERT INTO titles (title_id, title, character_id) values ('b4f2644d-bbe8-11ea-b6d8-ab58ae5d7a3a', 'Ser', 'b4f2644c-bbe8-11ea-b6d8-ab58ae5d7a3a');
INSERT INTO titles (title_id, title, character_id) values ('b4f2644e-bbe8-11ea-b6d8-ab58ae5d7a3a', 'Lord Commander of the Rainbow Guard', 'b4f2644c-bbe8-11ea-b6d8-ab58ae5d7a3a');
INSERT INTO titles (title_id, title, character_id) values ('b4f26454-bbe8-11ea-b6d8-ab58ae5d7a3a', 'Steward of the Twins', 'b4f26453-bbe8-11ea-b6d8-ab58ae5d7a3a');
INSERT INTO titles (title_id, title, character_id) values ('b4f2645a-bbe8-11ea-b6d8-ab58ae5d7a3a', 'Lady of the Vale', 'b4f26459-bbe8-11ea-b6d8-ab58ae5d7a3a');
INSERT INTO titles (title_id, title, character_id) values ('b4f26460-bbe8-11ea-b6d8-ab58ae5d7a3a', 'Lord of Highgarden', 'b4f2645f-bbe8-11ea-b6d8-ab58ae5d7a3a');
INSERT INTO titles (title_id, title, character_id) values ('b4f26461-bbe8-11ea-b6d8-ab58ae5d7a3a', 'Defender of the Marches', 'b4f2645f-bbe8-11ea-b6d8-ab58ae5d7a3a');
INSERT INTO titles (title_id, title, character_id) values ('b4f26462-bbe8-11ea-b6d8-ab58ae5d7a3a', 'High Marshal of the Reach', 'b4f2645f-bbe8-11ea-b6d8-ab58ae5d7a3a');
INSERT INTO titles (title_id, title, character_id) values ('b4f26463-bbe8-11ea-b6d8-ab58ae5d7a3a', 'Warden of the South', 'b4f2645f-bbe8-11ea-b6d8-ab58ae5d7a3a');
INSERT INTO titles (title_id, title, character_id) values ('b4f26464-bbe8-11ea-b6d8-ab58ae5d7a3a', 'Hand of the King', 'b4f2645f-bbe8-11ea-b6d8-ab58ae5d7a3a');
INSERT INTO titles (title_id, title, character_id) values ('b4f26465-bbe8-11ea-b6d8-ab58ae5d7a3a', 'Master of ships (formerly)', 'b4f2645f-bbe8-11ea-b6d8-ab58ae5d7a3a');
INSERT INTO titles (title_id, title, character_id) values ('b4f2646b-bbe8-11ea-b6d8-ab58ae5d7a3a', 'Lady of Bear Island', 'b4f2646a-bbe8-11ea-b6d8-ab58ae5d7a3a');
INSERT INTO titles (title_id, title, character_id) values ('b4f2646f-bbe8-11ea-b6d8-ab58ae5d7a3a', 'Ser', 'b4f2646e-bbe8-11ea-b6d8-ab58ae5d7a3a');
INSERT INTO titles (title_id, title, character_id) values ('b4f2647f-bbe8-11ea-b6d8-ab58ae5d7a3a', 'Ser', 'b4f2647e-bbe8-11ea-b6d8-ab58ae5d7a3a');
INSERT INTO titles (title_id, title, character_id) values ('b4f26482-bbe8-11ea-b6d8-ab58ae5d7a3a', 'Princess', 'b4f26481-bbe8-11ea-b6d8-ab58ae5d7a3a');
INSERT INTO titles (title_id, title, character_id) values ('b4f26485-bbe8-11ea-b6d8-ab58ae5d7a3a', 'Dowager Lady of Highgarden', 'b4f26484-bbe8-11ea-b6d8-ab58ae5d7a3a');
INSERT INTO titles (title_id, title, character_id) values ('b4f2648a-bbe8-11ea-b6d8-ab58ae5d7a3a', 'First Builder', 'b4f26489-bbe8-11ea-b6d8-ab58ae5d7a3a');
INSERT INTO titles (title_id, title, character_id) values ('b4f2648d-bbe8-11ea-b6d8-ab58ae5d7a3a', 'Master of coin (formerly)', 'b4f2648c-bbe8-11ea-b6d8-ab58ae5d7a3a');
INSERT INTO titles (title_id, title, character_id) values ('b4f2648e-bbe8-11ea-b6d8-ab58ae5d7a3a', 'Lord Paramount of the Trident', 'b4f2648c-bbe8-11ea-b6d8-ab58ae5d7a3a');
INSERT INTO titles (title_id, title, character_id) values ('b4f2648f-bbe8-11ea-b6d8-ab58ae5d7a3a', 'Lord of Harrenhal', 'b4f2648c-bbe8-11ea-b6d8-ab58ae5d7a3a');
INSERT INTO titles (title_id, title, character_id) values ('b4f26490-bbe8-11ea-b6d8-ab58ae5d7a3a', 'Lord Protector of the Vale', 'b4f2648c-bbe8-11ea-b6d8-ab58ae5d7a3a');
INSERT INTO titles (title_id, title, character_id) values ('b4f2649e-bbe8-11ea-b6d8-ab58ae5d7a3a', 'Lord of the Hornwood', 'b4f2649d-bbe8-11ea-b6d8-ab58ae5d7a3a');
INSERT INTO titles (title_id, title, character_id) values ('b4f2649f-bbe8-11ea-b6d8-ab58ae5d7a3a', 'Lord of Winterfell', 'b4f2649d-bbe8-11ea-b6d8-ab58ae5d7a3a');
INSERT INTO titles (title_id, title, character_id) values ('b4f264a0-bbe8-11ea-b6d8-ab58ae5d7a3a', 'Castellan of the Dreadfort', 'b4f2649d-bbe8-11ea-b6d8-ab58ae5d7a3a');
INSERT INTO titles (title_id, title, character_id) values ('b4f264a9-bbe8-11ea-b6d8-ab58ae5d7a3a', 'Lord of Horn Hill', 'b4f264a8-bbe8-11ea-b6d8-ab58ae5d7a3a');
INSERT INTO titles (title_id, title, character_id) values ('b4f264aa-bbe8-11ea-b6d8-ab58ae5d7a3a', 'Justiciar', 'b4f264a8-bbe8-11ea-b6d8-ab58ae5d7a3a');
INSERT INTO titles (title_id, title, character_id) values ('b4f264ab-bbe8-11ea-b6d8-ab58ae5d7a3a', 'Master of laws', 'b4f264a8-bbe8-11ea-b6d8-ab58ae5d7a3a');
INSERT INTO titles (title_id, title, character_id) values ('b4f264ae-bbe8-11ea-b6d8-ab58ae5d7a3a', 'Lord Paramount of the Stormlands', 'b4f264ad-bbe8-11ea-b6d8-ab58ae5d7a3a');
INSERT INTO titles (title_id, title, character_id) values ('b4f264af-bbe8-11ea-b6d8-ab58ae5d7a3a', 'Lord of Storm''s End', 'b4f264ad-bbe8-11ea-b6d8-ab58ae5d7a3a');
INSERT INTO titles (title_id, title, character_id) values ('b4f264b0-bbe8-11ea-b6d8-ab58ae5d7a3a', 'Master of laws', 'b4f264ad-bbe8-11ea-b6d8-ab58ae5d7a3a');
INSERT INTO titles (title_id, title, character_id) values ('b4f264b1-bbe8-11ea-b6d8-ab58ae5d7a3a', 'Lord of the Seven Kingdoms (claimant)', 'b4f264ad-bbe8-11ea-b6d8-ab58ae5d7a3a');
INSERT INTO titles (title_id, title, character_id) values ('b4f264b6-bbe8-11ea-b6d8-ab58ae5d7a3a', 'Lord of Karhold', 'b4f264b5-bbe8-11ea-b6d8-ab58ae5d7a3a');
INSERT INTO titles (title_id, title, character_id) values ('b4f264b9-bbe8-11ea-b6d8-ab58ae5d7a3a', 'Lord of Winterfell', 'b4f264b8-bbe8-11ea-b6d8-ab58ae5d7a3a');
INSERT INTO titles (title_id, title, character_id) values ('b4f264ba-bbe8-11ea-b6d8-ab58ae5d7a3a', 'Warden of the North', 'b4f264b8-bbe8-11ea-b6d8-ab58ae5d7a3a');
INSERT INTO titles (title_id, title, character_id) values ('b4f264bd-bbe8-11ea-b6d8-ab58ae5d7a3a', 'Prince of Winterfell', 'b4f264bc-bbe8-11ea-b6d8-ab58ae5d7a3a');
INSERT INTO titles (title_id, title, character_id) values ('b4f264be-bbe8-11ea-b6d8-ab58ae5d7a3a', 'Heir to Winterfell', 'b4f264bc-bbe8-11ea-b6d8-ab58ae5d7a3a');
INSERT INTO titles (title_id, title, character_id) values ('b4f264c1-bbe8-11ea-b6d8-ab58ae5d7a3a', 'Lord of the Eyrie', 'b4f264c0-bbe8-11ea-b6d8-ab58ae5d7a3a');
INSERT INTO titles (title_id, title, character_id) values ('b4f264c2-bbe8-11ea-b6d8-ab58ae5d7a3a', 'Defender of the Vale', 'b4f264c0-bbe8-11ea-b6d8-ab58ae5d7a3a');
INSERT INTO titles (title_id, title, character_id) values ('b4f264c3-bbe8-11ea-b6d8-ab58ae5d7a3a', 'Warden of the East', 'b4f264c0-bbe8-11ea-b6d8-ab58ae5d7a3a');
INSERT INTO titles (title_id, title, character_id) values ('b4f264c8-bbe8-11ea-b6d8-ab58ae5d7a3a', 'King of the Andals, the Rhoynar and the First Men', 'b4f264c7-bbe8-11ea-b6d8-ab58ae5d7a3a');
INSERT INTO titles (title_id, title, character_id) values ('b4f264c9-bbe8-11ea-b6d8-ab58ae5d7a3a', 'Lord of the Seven Kingdoms', 'b4f264c7-bbe8-11ea-b6d8-ab58ae5d7a3a');
INSERT INTO titles (title_id, title, character_id) values ('b4f264ca-bbe8-11ea-b6d8-ab58ae5d7a3a', 'Protector of the Realm', 'b4f264c7-bbe8-11ea-b6d8-ab58ae5d7a3a');
INSERT INTO titles (title_id, title, character_id) values ('b4f264cb-bbe8-11ea-b6d8-ab58ae5d7a3a', 'Ser[1]', 'b4f264c7-bbe8-11ea-b6d8-ab58ae5d7a3a');
INSERT INTO titles (title_id, title, character_id) values ('b4f264d2-bbe8-11ea-b6d8-ab58ae5d7a3a', 'Ser', 'b4f264d1-bbe8-11ea-b6d8-ab58ae5d7a3a');
INSERT INTO titles (title_id, title, character_id) values ('b4f264d3-bbe8-11ea-b6d8-ab58ae5d7a3a', 'Master-at-arms of Winterfell', 'b4f264d1-bbe8-11ea-b6d8-ab58ae5d7a3a');
INSERT INTO titles (title_id, title, character_id) values ('b4f264d4-bbe8-11ea-b6d8-ab58ae5d7a3a', 'Castellan of Winterfell', 'b4f264d1-bbe8-11ea-b6d8-ab58ae5d7a3a');
INSERT INTO titles (title_id, title, character_id) values ('b4f264d9-bbe8-11ea-b6d8-ab58ae5d7a3a', 'Lord of the Dreadfort', 'b4f264d8-bbe8-11ea-b6d8-ab58ae5d7a3a');
INSERT INTO titles (title_id, title, character_id) values ('b4f264da-bbe8-11ea-b6d8-ab58ae5d7a3a', 'Warden of the North', 'b4f264d8-bbe8-11ea-b6d8-ab58ae5d7a3a');
INSERT INTO titles (title_id, title, character_id) values ('b4f264ef-bbe8-11ea-b6d8-ab58ae5d7a3a', 'Princess', 'b4f264ee-bbe8-11ea-b6d8-ab58ae5d7a3a');
INSERT INTO titles (title_id, title, character_id) values ('b4f264f6-bbe8-11ea-b6d8-ab58ae5d7a3a', 'Princess', 'b4f264f5-bbe8-11ea-b6d8-ab58ae5d7a3a');
INSERT INTO titles (title_id, title, character_id) values ('b4f264f9-bbe8-11ea-b6d8-ab58ae5d7a3a', 'Ser', 'b4f264f8-bbe8-11ea-b6d8-ab58ae5d7a3a');
INSERT INTO titles (title_id, title, character_id) values ('b4f264fe-bbe8-11ea-b6d8-ab58ae5d7a3a', 'Prince of Winterfell', 'b4f264fd-bbe8-11ea-b6d8-ab58ae5d7a3a');
INSERT INTO titles (title_id, title, character_id) values ('b4f264ff-bbe8-11ea-b6d8-ab58ae5d7a3a', 'Captain of Sea Bitch', 'b4f264fd-bbe8-11ea-b6d8-ab58ae5d7a3a');
INSERT INTO titles (title_id, title, character_id) values ('b4f26500-bbe8-11ea-b6d8-ab58ae5d7a3a', 'Lord of the Iron Islands (by law of the green lands)', 'b4f264fd-bbe8-11ea-b6d8-ab58ae5d7a3a');
INSERT INTO titles (title_id, title, character_id) values ('b4f26507-bbe8-11ea-b6d8-ab58ae5d7a3a', 'King of the Andals, the Rhoynar and the First Men', 'b4f26506-bbe8-11ea-b6d8-ab58ae5d7a3a');
INSERT INTO titles (title_id, title, character_id) values ('b4f26508-bbe8-11ea-b6d8-ab58ae5d7a3a', 'Lord of the Seven Kingdoms', 'b4f26506-bbe8-11ea-b6d8-ab58ae5d7a3a');
INSERT INTO titles (title_id, title, character_id) values ('b4f2650e-bbe8-11ea-b6d8-ab58ae5d7a3a', 'Prince', 'b4f2650d-bbe8-11ea-b6d8-ab58ae5d7a3a');
INSERT INTO titles (title_id, title, character_id) values ('b4f26511-bbe8-11ea-b6d8-ab58ae5d7a3a', 'Acting Hand of the King (former)', 'b4f26510-bbe8-11ea-b6d8-ab58ae5d7a3a');
INSERT INTO titles (title_id, title, character_id) values ('b4f26512-bbe8-11ea-b6d8-ab58ae5d7a3a', 'Master of Coin (former)', 'b4f26510-bbe8-11ea-b6d8-ab58ae5d7a3a');
INSERT INTO titles (title_id, title, character_id) values ('b4f26520-bbe8-11ea-b6d8-ab58ae5d7a3a', 'Ser', 'b4f2651f-bbe8-11ea-b6d8-ab58ae5d7a3a');
INSERT INTO titles (title_id, title, character_id) values ('b4f26521-bbe8-11ea-b6d8-ab58ae5d7a3a', 'Captain of the Guards', 'b4f2651f-bbe8-11ea-b6d8-ab58ae5d7a3a');
INSERT INTO titles (title_id, title, character_id) values ('b4f26525-bbe8-11ea-b6d8-ab58ae5d7a3a', 'King of the Andals, the Rhoynar and the First Men, Lord of the Seven Kingdoms and Protector of the Realm', 'b4f26524-bbe8-11ea-b6d8-ab58ae5d7a3a');
INSERT INTO titles (title_id, title, character_id) values ('b4f26532-bbe8-11ea-b6d8-ab58ae5d7a3a', 'Lord of the Crossing', 'b4f26531-bbe8-11ea-b6d8-ab58ae5d7a3a');
INSERT INTO titles (title_id, title, character_id) values ('b4f26537-bbe8-11ea-b6d8-ab58ae5d7a3a', 'Ser', 'b4f26536-bbe8-11ea-b6d8-ab58ae5d7a3a');
INSERT INTO titles (title_id, title, character_id) values ('b4f2653a-bbe8-11ea-b6d8-ab58ae5d7a3a', 'Ser', 'b4f26539-bbe8-11ea-b6d8-ab58ae5d7a3a');
INSERT INTO titles (title_id, title, character_id) values ('b4f2653d-bbe8-11ea-b6d8-ab58ae5d7a3a', 'Lord of Runestone', 'b4f2653c-bbe8-11ea-b6d8-ab58ae5d7a3a');
INSERT INTO titles (title_id, title, character_id) values ('b4f26542-bbe8-11ea-b6d8-ab58ae5d7a3a', 'Ko, Bloodrider of Daenerys Targaryen', 'b4f26541-bbe8-11ea-b6d8-ab58ae5d7a3a');
INSERT INTO titles (title_id, title, character_id) values ('b4f26547-bbe8-11ea-b6d8-ab58ae5d7a3a', 'Captain of the Guard at Sunspear', 'b4f26546-bbe8-11ea-b6d8-ab58ae5d7a3a');
INSERT INTO titles (title_id, title, character_id) values ('b4f2654b-bbe8-11ea-b6d8-ab58ae5d7a3a', 'Ser', 'b4f2654a-bbe8-11ea-b6d8-ab58ae5d7a3a');
INSERT INTO titles (title_id, title, character_id) values ('b4f2654c-bbe8-11ea-b6d8-ab58ae5d7a3a', 'Hand of the King', 'b4f2654a-bbe8-11ea-b6d8-ab58ae5d7a3a');
INSERT INTO titles (title_id, title, character_id) values ('b4f2654d-bbe8-11ea-b6d8-ab58ae5d7a3a', 'Lord Commander of the Night''s Watch', 'b4f2654a-bbe8-11ea-b6d8-ab58ae5d7a3a');
INSERT INTO titles (title_id, title, character_id) values ('b4f26552-bbe8-11ea-b6d8-ab58ae5d7a3a', 'Maester', 'b4f26551-bbe8-11ea-b6d8-ab58ae5d7a3a');
INSERT INTO titles (title_id, title, character_id) values ('b4f26557-bbe8-11ea-b6d8-ab58ae5d7a3a', 'Maester', 'b4f26556-bbe8-11ea-b6d8-ab58ae5d7a3a');
INSERT INTO titles (title_id, title, character_id) values ('b4f2655a-bbe8-11ea-b6d8-ab58ae5d7a3a', 'Ser', 'b4f26559-bbe8-11ea-b6d8-ab58ae5d7a3a');
INSERT INTO titles (title_id, title, character_id) values ('b4f2655e-bbe8-11ea-b6d8-ab58ae5d7a3a', 'Queen of the Andals and the Rhoynar and the First Men, Lord of the Seven Kingdoms', 'b4f2655d-bbe8-11ea-b6d8-ab58ae5d7a3a');
INSERT INTO titles (title_id, title, character_id) values ('b4f2655f-bbe8-11ea-b6d8-ab58ae5d7a3a', 'Khaleesi of the Great Grass Sea', 'b4f2655d-bbe8-11ea-b6d8-ab58ae5d7a3a');
INSERT INTO titles (title_id, title, character_id) values ('b4f26560-bbe8-11ea-b6d8-ab58ae5d7a3a', 'Breaker of Shackles/Chains', 'b4f2655d-bbe8-11ea-b6d8-ab58ae5d7a3a');
INSERT INTO titles (title_id, title, character_id) values ('b4f26561-bbe8-11ea-b6d8-ab58ae5d7a3a', 'Queen of Meereen', 'b4f2655d-bbe8-11ea-b6d8-ab58ae5d7a3a');
INSERT INTO titles (title_id, title, character_id) values ('b4f26562-bbe8-11ea-b6d8-ab58ae5d7a3a', 'Princess of Dragonstone', 'b4f2655d-bbe8-11ea-b6d8-ab58ae5d7a3a');
INSERT INTO titles (title_id, title, character_id) values ('b4f26570-bbe8-11ea-b6d8-ab58ae5d7a3a', 'Captain of Foamdrinker', 'b4f2656f-bbe8-11ea-b6d8-ab58ae5d7a3a');
INSERT INTO titles (title_id, title, character_id) values ('b4f26574-bbe8-11ea-b6d8-ab58ae5d7a3a', 'Ser', 'b4f26573-bbe8-11ea-b6d8-ab58ae5d7a3a');
INSERT INTO titles (title_id, title, character_id) values ('b4f26575-bbe8-11ea-b6d8-ab58ae5d7a3a', 'Lord of the Rainwood', 'b4f26573-bbe8-11ea-b6d8-ab58ae5d7a3a');
INSERT INTO titles (title_id, title, character_id) values ('b4f26576-bbe8-11ea-b6d8-ab58ae5d7a3a', 'Admiral of the Narrow Sea', 'b4f26573-bbe8-11ea-b6d8-ab58ae5d7a3a');
INSERT INTO titles (title_id, title, character_id) values ('b4f26577-bbe8-11ea-b6d8-ab58ae5d7a3a', 'Hand of the King', 'b4f26573-bbe8-11ea-b6d8-ab58ae5d7a3a');
INSERT INTO titles (title_id, title, character_id) values ('b4f26584-bbe8-11ea-b6d8-ab58ae5d7a3a', 'Khal', 'b4f26583-bbe8-11ea-b6d8-ab58ae5d7a3a');
INSERT INTO titles (title_id, title, character_id) values ('b4f2658a-bbe8-11ea-b6d8-ab58ae5d7a3a', 'Ser', 'b4f26589-bbe8-11ea-b6d8-ab58ae5d7a3a');
INSERT INTO titles (title_id, title, character_id) values ('b4f26590-bbe8-11ea-b6d8-ab58ae5d7a3a', 'Ser', 'b4f2658f-bbe8-11ea-b6d8-ab58ae5d7a3a');
INSERT INTO titles (title_id, title, character_id) values ('b4f26591-bbe8-11ea-b6d8-ab58ae5d7a3a', 'Knight of Clegane''s Keep', 'b4f2658f-bbe8-11ea-b6d8-ab58ae5d7a3a');
INSERT INTO titles (title_id, title, character_id) values ('b4f2659a-bbe8-11ea-b6d8-ab58ae5d7a3a', 'Lord', 'b4f26599-bbe8-11ea-b6d8-ab58ae5d7a3a');
INSERT INTO titles (title_id, title, character_id) values ('b4f2659b-bbe8-11ea-b6d8-ab58ae5d7a3a', 'Wisdom', 'b4f26599-bbe8-11ea-b6d8-ab58ae5d7a3a');
INSERT INTO titles (title_id, title, character_id) values ('b4f2659e-bbe8-11ea-b6d8-ab58ae5d7a3a', 'King of Meereen', 'b4f2659d-bbe8-11ea-b6d8-ab58ae5d7a3a');
INSERT INTO titles (title_id, title, character_id) values ('b4f2659f-bbe8-11ea-b6d8-ab58ae5d7a3a', 'Scion of Ghis', 'b4f2659d-bbe8-11ea-b6d8-ab58ae5d7a3a');
INSERT INTO titles (title_id, title, character_id) values ('b4f265a0-bbe8-11ea-b6d8-ab58ae5d7a3a', 'Octarch of the Old Empire', 'b4f2659d-bbe8-11ea-b6d8-ab58ae5d7a3a');
INSERT INTO titles (title_id, title, character_id) values ('b4f265a1-bbe8-11ea-b6d8-ab58ae5d7a3a', 'Master of the Skahazadhan, Consort to Dragons', 'b4f2659d-bbe8-11ea-b6d8-ab58ae5d7a3a');
INSERT INTO titles (title_id, title, character_id) values ('b4f265a2-bbe8-11ea-b6d8-ab58ae5d7a3a', 'Blood of the Harpy[1]', 'b4f2659d-bbe8-11ea-b6d8-ab58ae5d7a3a');
INSERT INTO titles (title_id, title, character_id) values ('b4f265a8-bbe8-11ea-b6d8-ab58ae5d7a3a', 'Magister of Pentos', 'b4f265a7-bbe8-11ea-b6d8-ab58ae5d7a3a');
INSERT INTO titles (title_id, title, character_id) values ('b4f265b4-bbe8-11ea-b6d8-ab58ae5d7a3a', 'Lord of Stone Hedge', 'b4f265b3-bbe8-11ea-b6d8-ab58ae5d7a3a');
INSERT INTO titles (title_id, title, character_id) values ('b4f265b7-bbe8-11ea-b6d8-ab58ae5d7a3a', 'Ser', 'b4f265b6-bbe8-11ea-b6d8-ab58ae5d7a3a');
INSERT INTO titles (title_id, title, character_id) values ('b4f265b8-bbe8-11ea-b6d8-ab58ae5d7a3a', 'Lord of Bear Island (stripped)', 'b4f265b6-bbe8-11ea-b6d8-ab58ae5d7a3a');
INSERT INTO titles (title_id, title, character_id) values ('b4f265d6-bbe8-11ea-b6d8-ab58ae5d7a3a', 'Bloodrider of Khal Jhaqo', 'b4f265d5-bbe8-11ea-b6d8-ab58ae5d7a3a');
INSERT INTO titles (title_id, title, character_id) values ('b4f265d8-bbe8-11ea-b6d8-ab58ae5d7a3a', 'King-Beyond-the-Wall', 'b4f265d7-bbe8-11ea-b6d8-ab58ae5d7a3a');
INSERT INTO titles (title_id, title, character_id) values ('b4f265e7-bbe8-11ea-b6d8-ab58ae5d7a3a', 'Godswife', 'b4f265e6-bbe8-11ea-b6d8-ab58ae5d7a3a');
INSERT INTO titles (title_id, title, character_id) values ('b4f265e8-bbe8-11ea-b6d8-ab58ae5d7a3a', 'Maegi', 'b4f265e6-bbe8-11ea-b6d8-ab58ae5d7a3a');
INSERT INTO titles (title_id, title, character_id) values ('b4f265ee-bbe8-11ea-b6d8-ab58ae5d7a3a', 'Khal', 'b4f265ed-bbe8-11ea-b6d8-ab58ae5d7a3a');
INSERT INTO titles (title_id, title, character_id) values ('b4f265f9-bbe8-11ea-b6d8-ab58ae5d7a3a', 'Prince', 'b4f265f8-bbe8-11ea-b6d8-ab58ae5d7a3a');
INSERT INTO titles (title_id, title, character_id) values ('b4f26601-bbe8-11ea-b6d8-ab58ae5d7a3a', 'Castellan of Harrenhal', 'b4f26600-bbe8-11ea-b6d8-ab58ae5d7a3a');
INSERT INTO titles (title_id, title, character_id) values ('b4f26606-bbe8-11ea-b6d8-ab58ae5d7a3a', 'Warlock', 'b4f26605-bbe8-11ea-b6d8-ab58ae5d7a3a');
INSERT INTO titles (title_id, title, character_id) values ('b4f26608-bbe8-11ea-b6d8-ab58ae5d7a3a', 'Grand Maester', 'b4f26607-bbe8-11ea-b6d8-ab58ae5d7a3a');
INSERT INTO titles (title_id, title, character_id) values ('b4f2660d-bbe8-11ea-b6d8-ab58ae5d7a3a', 'Bloodrider of Khal Drogo', 'b4f2660c-bbe8-11ea-b6d8-ab58ae5d7a3a');
INSERT INTO titles (title_id, title, character_id) values ('b4f26611-bbe8-11ea-b6d8-ab58ae5d7a3a', 'Master of whisperers', 'b4f26610-bbe8-11ea-b6d8-ab58ae5d7a3a');
INSERT INTO titles (title_id, title, character_id) values ('b4f26615-bbe8-11ea-b6d8-ab58ae5d7a3a', 'Ko', 'b4f26614-bbe8-11ea-b6d8-ab58ae5d7a3a');
INSERT INTO titles (title_id, title, character_id) values ('b4f26616-bbe8-11ea-b6d8-ab58ae5d7a3a', 'Bloodrider of Daenerys Targaryen', 'b4f26614-bbe8-11ea-b6d8-ab58ae5d7a3a');
INSERT INTO titles (title_id, title, character_id) values ('b4f2661b-bbe8-11ea-b6d8-ab58ae5d7a3a', 'King in the North', 'b4f2661a-bbe8-11ea-b6d8-ab58ae5d7a3a');
INSERT INTO titles (title_id, title, character_id) values ('b4f2661c-bbe8-11ea-b6d8-ab58ae5d7a3a', 'King of the Trident Lord of Winterfell', 'b4f2661a-bbe8-11ea-b6d8-ab58ae5d7a3a');
INSERT INTO titles (title_id, title, character_id) values ('b4f26628-bbe8-11ea-b6d8-ab58ae5d7a3a', 'Prince of the Narrow Sea Lord of Blackwater Bay', 'b4f26627-bbe8-11ea-b6d8-ab58ae5d7a3a');
INSERT INTO titles (title_id, title, character_id) values ('b4f2662c-bbe8-11ea-b6d8-ab58ae5d7a3a', 'Lady', 'b4f2662b-bbe8-11ea-b6d8-ab58ae5d7a3a');
INSERT INTO titles (title_id, title, character_id) values ('b4f2662d-bbe8-11ea-b6d8-ab58ae5d7a3a', 'Queen', 'b4f2662b-bbe8-11ea-b6d8-ab58ae5d7a3a');
INSERT INTO titles (title_id, title, character_id) values ('b4f26633-bbe8-11ea-b6d8-ab58ae5d7a3a', 'Master of ships (formerly)', 'b4f26632-bbe8-11ea-b6d8-ab58ae5d7a3a');
INSERT INTO titles (title_id, title, character_id) values ('b4f26634-bbe8-11ea-b6d8-ab58ae5d7a3a', 'Lord of Dragonstone', 'b4f26632-bbe8-11ea-b6d8-ab58ae5d7a3a');
INSERT INTO titles (title_id, title, character_id) values ('b4f26635-bbe8-11ea-b6d8-ab58ae5d7a3a', 'Lord of Storm''s End', 'b4f26632-bbe8-11ea-b6d8-ab58ae5d7a3a');
INSERT INTO titles (title_id, title, character_id) values ('b4f26636-bbe8-11ea-b6d8-ab58ae5d7a3a', 'Lord Paramount of the Stormlands', 'b4f26632-bbe8-11ea-b6d8-ab58ae5d7a3a');
INSERT INTO titles (title_id, title, character_id) values ('b4f26637-bbe8-11ea-b6d8-ab58ae5d7a3a', 'King of Westeros', 'b4f26632-bbe8-11ea-b6d8-ab58ae5d7a3a');
INSERT INTO titles (title_id, title, character_id) values ('b4f2663f-bbe8-11ea-b6d8-ab58ae5d7a3a', 'Magnar of Thenn', 'b4f2663e-bbe8-11ea-b6d8-ab58ae5d7a3a');
INSERT INTO titles (title_id, title, character_id) values ('b4f26641-bbe8-11ea-b6d8-ab58ae5d7a3a', 'First Sword to the Sealord of Braavos Water Dancer', 'b4f26640-bbe8-11ea-b6d8-ab58ae5d7a3a');
INSERT INTO titles (title_id, title, character_id) values ('b4f26644-bbe8-11ea-b6d8-ab58ae5d7a3a', 'Captain', 'b4f26643-bbe8-11ea-b6d8-ab58ae5d7a3a');
INSERT INTO titles (title_id, title, character_id) values ('b4f2664c-bbe8-11ea-b6d8-ab58ae5d7a3a', 'Red Hand', 'b4f2664b-bbe8-11ea-b6d8-ab58ae5d7a3a');
INSERT INTO titles (title_id, title, character_id) values ('b4f26650-bbe8-11ea-b6d8-ab58ae5d7a3a', 'Tall-talker', 'b4f2664f-bbe8-11ea-b6d8-ab58ae5d7a3a');
INSERT INTO titles (title_id, title, character_id) values ('b4f26651-bbe8-11ea-b6d8-ab58ae5d7a3a', 'Horn-blower and Breaker of Ice', 'b4f2664f-bbe8-11ea-b6d8-ab58ae5d7a3a');
INSERT INTO titles (title_id, title, character_id) values ('b4f26652-bbe8-11ea-b6d8-ab58ae5d7a3a', 'Husband to Bears', 'b4f2664f-bbe8-11ea-b6d8-ab58ae5d7a3a');
INSERT INTO titles (title_id, title, character_id) values ('b4f26653-bbe8-11ea-b6d8-ab58ae5d7a3a', 'the Mead-king of Ruddy Hall', 'b4f2664f-bbe8-11ea-b6d8-ab58ae5d7a3a');
INSERT INTO titles (title_id, title, character_id) values ('b4f26654-bbe8-11ea-b6d8-ab58ae5d7a3a', 'Speaker to Gods and Father of Hosts', 'b4f2664f-bbe8-11ea-b6d8-ab58ae5d7a3a');
INSERT INTO titles (title_id, title, character_id) values ('b4f26663-bbe8-11ea-b6d8-ab58ae5d7a3a', 'Master of Whisperers', 'b4f26662-bbe8-11ea-b6d8-ab58ae5d7a3a');
INSERT INTO aliases (alias_id, alias, character_id) values ('b4f2631f-bbe8-11ea-b6d8-ab58ae5d7a3a', 'Hodor', 'b4f2631e-bbe8-11ea-b6d8-ab58ae5d7a3a');
INSERT INTO aliases (alias_id, alias, character_id) values ('b4f26329-bbe8-11ea-b6d8-ab58ae5d7a3a', 'Balon the Brave', 'b4f26321-bbe8-11ea-b6d8-ab58ae5d7a3a');
INSERT INTO aliases (alias_id, alias, character_id) values ('b4f2632a-bbe8-11ea-b6d8-ab58ae5d7a3a', 'Balon the Blessed', 'b4f26321-bbe8-11ea-b6d8-ab58ae5d7a3a');
INSERT INTO aliases (alias_id, alias, character_id) values ('b4f2632b-bbe8-11ea-b6d8-ab58ae5d7a3a', 'Balon the Twice Crowned', 'b4f26321-bbe8-11ea-b6d8-ab58ae5d7a3a');
INSERT INTO aliases (alias_id, alias, character_id) values ('b4f2632c-bbe8-11ea-b6d8-ab58ae5d7a3a', 'Balon the Widowmaker', 'b4f26321-bbe8-11ea-b6d8-ab58ae5d7a3a');
INSERT INTO aliases (alias_id, alias, character_id) values ('b4f2632d-bbe8-11ea-b6d8-ab58ae5d7a3a', 'The Kraken King', 'b4f26321-bbe8-11ea-b6d8-ab58ae5d7a3a');
INSERT INTO aliases (alias_id, alias, character_id) values ('b4f26333-bbe8-11ea-b6d8-ab58ae5d7a3a', 'The High Sparrow', 'b4f2632e-bbe8-11ea-b6d8-ab58ae5d7a3a');
INSERT INTO aliases (alias_id, alias, character_id) values ('b4f26336-bbe8-11ea-b6d8-ab58ae5d7a3a', 'The Little Queen', 'b4f26334-bbe8-11ea-b6d8-ab58ae5d7a3a');
INSERT INTO aliases (alias_id, alias, character_id) values ('b4f26337-bbe8-11ea-b6d8-ab58ae5d7a3a', 'The Little Rose', 'b4f26334-bbe8-11ea-b6d8-ab58ae5d7a3a');
INSERT INTO aliases (alias_id, alias, character_id) values ('b4f26338-bbe8-11ea-b6d8-ab58ae5d7a3a', 'Maid Margaery', 'b4f26334-bbe8-11ea-b6d8-ab58ae5d7a3a');
INSERT INTO aliases (alias_id, alias, character_id) values ('b4f26343-bbe8-11ea-b6d8-ab58ae5d7a3a', 'The Lion of Lannister', 'b4f2633d-bbe8-11ea-b6d8-ab58ae5d7a3a');
INSERT INTO aliases (alias_id, alias, character_id) values ('b4f26344-bbe8-11ea-b6d8-ab58ae5d7a3a', 'The Old Lion', 'b4f2633d-bbe8-11ea-b6d8-ab58ae5d7a3a');
INSERT INTO aliases (alias_id, alias, character_id) values ('b4f26345-bbe8-11ea-b6d8-ab58ae5d7a3a', 'The Great Lion of the Rock', 'b4f2633d-bbe8-11ea-b6d8-ab58ae5d7a3a');
INSERT INTO aliases (alias_id, alias, character_id) values ('b4f2634f-bbe8-11ea-b6d8-ab58ae5d7a3a', 'Aemon Targaryen', 'b4f2634d-bbe8-11ea-b6d8-ab58ae5d7a3a');
INSERT INTO aliases (alias_id, alias, character_id) values ('b4f26350-bbe8-11ea-b6d8-ab58ae5d7a3a', 'Maester Aemon', 'b4f2634d-bbe8-11ea-b6d8-ab58ae5d7a3a');
INSERT INTO aliases (alias_id, alias, character_id) values ('b4f26351-bbe8-11ea-b6d8-ab58ae5d7a3a', 'Uncle Maester', 'b4f2634d-bbe8-11ea-b6d8-ab58ae5d7a3a');
INSERT INTO aliases (alias_id, alias, character_id) values ('b4f26355-bbe8-11ea-b6d8-ab58ae5d7a3a', 'The Damphair', 'b4f26352-bbe8-11ea-b6d8-ab58ae5d7a3a');
INSERT INTO aliases (alias_id, alias, character_id) values ('b4f26356-bbe8-11ea-b6d8-ab58ae5d7a3a', 'Aeron Damphair', 'b4f26352-bbe8-11ea-b6d8-ab58ae5d7a3a');
INSERT INTO aliases (alias_id, alias, character_id) values ('b4f2635c-bbe8-11ea-b6d8-ab58ae5d7a3a', 'The Mad King', 'b4f26358-bbe8-11ea-b6d8-ab58ae5d7a3a');
INSERT INTO aliases (alias_id, alias, character_id) values ('b4f2635d-bbe8-11ea-b6d8-ab58ae5d7a3a', 'King Scab', 'b4f26358-bbe8-11ea-b6d8-ab58ae5d7a3a');
INSERT INTO aliases (alias_id, alias, character_id) values ('b4f26364-bbe8-11ea-b6d8-ab58ae5d7a3a', 'The Manticore', 'b4f26361-bbe8-11ea-b6d8-ab58ae5d7a3a');
INSERT INTO aliases (alias_id, alias, character_id) values ('b4f26370-bbe8-11ea-b6d8-ab58ae5d7a3a', 'Arya Horseface', 'b4f2636e-bbe8-11ea-b6d8-ab58ae5d7a3a');
INSERT INTO aliases (alias_id, alias, character_id) values ('b4f26371-bbe8-11ea-b6d8-ab58ae5d7a3a', 'Arya Underfoot', 'b4f2636e-bbe8-11ea-b6d8-ab58ae5d7a3a');
INSERT INTO aliases (alias_id, alias, character_id) values ('b4f26372-bbe8-11ea-b6d8-ab58ae5d7a3a', 'Arry', 'b4f2636e-bbe8-11ea-b6d8-ab58ae5d7a3a');
INSERT INTO aliases (alias_id, alias, character_id) values ('b4f26373-bbe8-11ea-b6d8-ab58ae5d7a3a', 'Lumpyface', 'b4f2636e-bbe8-11ea-b6d8-ab58ae5d7a3a');
INSERT INTO aliases (alias_id, alias, character_id) values ('b4f26374-bbe8-11ea-b6d8-ab58ae5d7a3a', 'Lumpyhead', 'b4f2636e-bbe8-11ea-b6d8-ab58ae5d7a3a');
INSERT INTO aliases (alias_id, alias, character_id) values ('b4f26375-bbe8-11ea-b6d8-ab58ae5d7a3a', 'Stickboy', 'b4f2636e-bbe8-11ea-b6d8-ab58ae5d7a3a');
INSERT INTO aliases (alias_id, alias, character_id) values ('b4f26376-bbe8-11ea-b6d8-ab58ae5d7a3a', 'Weasel', 'b4f2636e-bbe8-11ea-b6d8-ab58ae5d7a3a');
INSERT INTO aliases (alias_id, alias, character_id) values ('b4f26377-bbe8-11ea-b6d8-ab58ae5d7a3a', 'Nymeria', 'b4f2636e-bbe8-11ea-b6d8-ab58ae5d7a3a');
INSERT INTO aliases (alias_id, alias, character_id) values ('b4f26378-bbe8-11ea-b6d8-ab58ae5d7a3a', 'Squan', 'b4f2636e-bbe8-11ea-b6d8-ab58ae5d7a3a');
INSERT INTO aliases (alias_id, alias, character_id) values ('b4f26379-bbe8-11ea-b6d8-ab58ae5d7a3a', 'Saltb', 'b4f2636e-bbe8-11ea-b6d8-ab58ae5d7a3a');
INSERT INTO aliases (alias_id, alias, character_id) values ('b4f2637a-bbe8-11ea-b6d8-ab58ae5d7a3a', 'Cat of the Canaly', 'b4f2636e-bbe8-11ea-b6d8-ab58ae5d7a3a');
INSERT INTO aliases (alias_id, alias, character_id) values ('b4f2637b-bbe8-11ea-b6d8-ab58ae5d7a3a', 'Bets', 'b4f2636e-bbe8-11ea-b6d8-ab58ae5d7a3a');
INSERT INTO aliases (alias_id, alias, character_id) values ('b4f2637c-bbe8-11ea-b6d8-ab58ae5d7a3a', 'The Blind Girh', 'b4f2636e-bbe8-11ea-b6d8-ab58ae5d7a3a');
INSERT INTO aliases (alias_id, alias, character_id) values ('b4f2637d-bbe8-11ea-b6d8-ab58ae5d7a3a', 'The Ugly Little Girl', 'b4f2636e-bbe8-11ea-b6d8-ab58ae5d7a3a');
INSERT INTO aliases (alias_id, alias, character_id) values ('b4f2637e-bbe8-11ea-b6d8-ab58ae5d7a3a', 'Mercedenl', 'b4f2636e-bbe8-11ea-b6d8-ab58ae5d7a3a');
INSERT INTO aliases (alias_id, alias, character_id) values ('b4f2637f-bbe8-11ea-b6d8-ab58ae5d7a3a', 'Mercye', 'b4f2636e-bbe8-11ea-b6d8-ab58ae5d7a3a');
INSERT INTO aliases (alias_id, alias, character_id) values ('b4f26385-bbe8-11ea-b6d8-ab58ae5d7a3a', 'Esgred', 'b4f26381-bbe8-11ea-b6d8-ab58ae5d7a3a');
INSERT INTO aliases (alias_id, alias, character_id) values ('b4f26386-bbe8-11ea-b6d8-ab58ae5d7a3a', 'The Kraken''s Daughter', 'b4f26381-bbe8-11ea-b6d8-ab58ae5d7a3a');
INSERT INTO aliases (alias_id, alias, character_id) values ('b4f2638c-bbe8-11ea-b6d8-ab58ae5d7a3a', 'Barristan the Bold', 'b4f26389-bbe8-11ea-b6d8-ab58ae5d7a3a');
INSERT INTO aliases (alias_id, alias, character_id) values ('b4f2638d-bbe8-11ea-b6d8-ab58ae5d7a3a', 'Arstan Whitebeard', 'b4f26389-bbe8-11ea-b6d8-ab58ae5d7a3a');
INSERT INTO aliases (alias_id, alias, character_id) values ('b4f2638e-bbe8-11ea-b6d8-ab58ae5d7a3a', 'Ser Grandfather', 'b4f26389-bbe8-11ea-b6d8-ab58ae5d7a3a');
INSERT INTO aliases (alias_id, alias, character_id) values ('b4f2638f-bbe8-11ea-b6d8-ab58ae5d7a3a', 'Barristan the Old', 'b4f26389-bbe8-11ea-b6d8-ab58ae5d7a3a');
INSERT INTO aliases (alias_id, alias, character_id) values ('b4f26390-bbe8-11ea-b6d8-ab58ae5d7a3a', 'Old Ser', 'b4f26389-bbe8-11ea-b6d8-ab58ae5d7a3a');
INSERT INTO aliases (alias_id, alias, character_id) values ('b4f26395-bbe8-11ea-b6d8-ab58ae5d7a3a', 'The Wolf Pup', 'b4f26393-bbe8-11ea-b6d8-ab58ae5d7a3a');
INSERT INTO aliases (alias_id, alias, character_id) values ('b4f26396-bbe8-11ea-b6d8-ab58ae5d7a3a', 'Ben Stark', 'b4f26393-bbe8-11ea-b6d8-ab58ae5d7a3a');
INSERT INTO aliases (alias_id, alias, character_id) values ('b4f2639a-bbe8-11ea-b6d8-ab58ae5d7a3a', 'The lightning lord', 'b4f26398-bbe8-11ea-b6d8-ab58ae5d7a3a');
INSERT INTO aliases (alias_id, alias, character_id) values ('b4f2639b-bbe8-11ea-b6d8-ab58ae5d7a3a', 'The Lord of Corpses', 'b4f26398-bbe8-11ea-b6d8-ab58ae5d7a3a');
INSERT INTO aliases (alias_id, alias, character_id) values ('b4f2639c-bbe8-11ea-b6d8-ab58ae5d7a3a', 'Lord Derik', 'b4f26398-bbe8-11ea-b6d8-ab58ae5d7a3a');
INSERT INTO aliases (alias_id, alias, character_id) values ('b4f263a1-bbe8-11ea-b6d8-ab58ae5d7a3a', 'Old Pomegranate', 'b4f2639e-bbe8-11ea-b6d8-ab58ae5d7a3a');
INSERT INTO aliases (alias_id, alias, character_id) values ('b4f263a4-bbe8-11ea-b6d8-ab58ae5d7a3a', 'Bran', 'b4f263a2-bbe8-11ea-b6d8-ab58ae5d7a3a');
INSERT INTO aliases (alias_id, alias, character_id) values ('b4f263a5-bbe8-11ea-b6d8-ab58ae5d7a3a', 'Bran the Broken', 'b4f263a2-bbe8-11ea-b6d8-ab58ae5d7a3a');
INSERT INTO aliases (alias_id, alias, character_id) values ('b4f263a6-bbe8-11ea-b6d8-ab58ae5d7a3a', 'The Winged Wolf', 'b4f263a2-bbe8-11ea-b6d8-ab58ae5d7a3a');
INSERT INTO aliases (alias_id, alias, character_id) values ('b4f263a9-bbe8-11ea-b6d8-ab58ae5d7a3a', 'The Maid of Tarth', 'b4f263a8-bbe8-11ea-b6d8-ab58ae5d7a3a');
INSERT INTO aliases (alias_id, alias, character_id) values ('b4f263aa-bbe8-11ea-b6d8-ab58ae5d7a3a', 'Brienne the Beauty', 'b4f263a8-bbe8-11ea-b6d8-ab58ae5d7a3a');
INSERT INTO aliases (alias_id, alias, character_id) values ('b4f263ab-bbe8-11ea-b6d8-ab58ae5d7a3a', 'Brienne the Blue', 'b4f263a8-bbe8-11ea-b6d8-ab58ae5d7a3a');
INSERT INTO aliases (alias_id, alias, character_id) values ('b4f263b2-bbe8-11ea-b6d8-ab58ae5d7a3a', 'Ser Bronn of the Blackwater', 'b4f263af-bbe8-11ea-b6d8-ab58ae5d7a3a');
INSERT INTO aliases (alias_id, alias, character_id) values ('b4f263b3-bbe8-11ea-b6d8-ab58ae5d7a3a', 'Lord Stokeworth', 'b4f263af-bbe8-11ea-b6d8-ab58ae5d7a3a');
INSERT INTO aliases (alias_id, alias, character_id) values ('b4f263b9-bbe8-11ea-b6d8-ab58ae5d7a3a', 'Blackfish', 'b4f263b5-bbe8-11ea-b6d8-ab58ae5d7a3a');
INSERT INTO aliases (alias_id, alias, character_id) values ('b4f263ba-bbe8-11ea-b6d8-ab58ae5d7a3a', 'Ser Brynden the Blackfish', 'b4f263b5-bbe8-11ea-b6d8-ab58ae5d7a3a');
INSERT INTO aliases (alias_id, alias, character_id) values ('b4f263bb-bbe8-11ea-b6d8-ab58ae5d7a3a', 'Brynden Blackfish', 'b4f263b5-bbe8-11ea-b6d8-ab58ae5d7a3a');
INSERT INTO aliases (alias_id, alias, character_id) values ('b4f263c0-bbe8-11ea-b6d8-ab58ae5d7a3a', 'Catelyn Tully', 'b4f263be-bbe8-11ea-b6d8-ab58ae5d7a3a');
INSERT INTO aliases (alias_id, alias, character_id) values ('b4f263c1-bbe8-11ea-b6d8-ab58ae5d7a3a', 'Lady Stoneheart', 'b4f263be-bbe8-11ea-b6d8-ab58ae5d7a3a');
INSERT INTO aliases (alias_id, alias, character_id) values ('b4f263c2-bbe8-11ea-b6d8-ab58ae5d7a3a', 'The Silent Sistet', 'b4f263be-bbe8-11ea-b6d8-ab58ae5d7a3a');
INSERT INTO aliases (alias_id, alias, character_id) values ('b4f263c3-bbe8-11ea-b6d8-ab58ae5d7a3a', 'Mother Mercilesr', 'b4f263be-bbe8-11ea-b6d8-ab58ae5d7a3a');
INSERT INTO aliases (alias_id, alias, character_id) values ('b4f263c4-bbe8-11ea-b6d8-ab58ae5d7a3a', 'The Hangwomans', 'b4f263be-bbe8-11ea-b6d8-ab58ae5d7a3a');
INSERT INTO aliases (alias_id, alias, character_id) values ('b4f263cd-bbe8-11ea-b6d8-ab58ae5d7a3a', 'Brotherfuckerthe bitch queen', 'b4f263c7-bbe8-11ea-b6d8-ab58ae5d7a3a');
INSERT INTO aliases (alias_id, alias, character_id) values ('b4f263d3-bbe8-11ea-b6d8-ab58ae5d7a3a', 'Dontos the Red', 'b4f263d1-bbe8-11ea-b6d8-ab58ae5d7a3a');
INSERT INTO aliases (alias_id, alias, character_id) values ('b4f263d4-bbe8-11ea-b6d8-ab58ae5d7a3a', 'Dontos the Drunk', 'b4f263d1-bbe8-11ea-b6d8-ab58ae5d7a3a');
INSERT INTO aliases (alias_id, alias, character_id) values ('b4f263d5-bbe8-11ea-b6d8-ab58ae5d7a3a', 'Florian', 'b4f263d1-bbe8-11ea-b6d8-ab58ae5d7a3a');
INSERT INTO aliases (alias_id, alias, character_id) values ('b4f263e0-bbe8-11ea-b6d8-ab58ae5d7a3a', 'Ned', 'b4f263da-bbe8-11ea-b6d8-ab58ae5d7a3a');
INSERT INTO aliases (alias_id, alias, character_id) values ('b4f263e1-bbe8-11ea-b6d8-ab58ae5d7a3a', 'The Ned', 'b4f263da-bbe8-11ea-b6d8-ab58ae5d7a3a');
INSERT INTO aliases (alias_id, alias, character_id) values ('b4f263e2-bbe8-11ea-b6d8-ab58ae5d7a3a', 'The Quiet Wolf', 'b4f263da-bbe8-11ea-b6d8-ab58ae5d7a3a');
INSERT INTO aliases (alias_id, alias, character_id) values ('b4f263e5-bbe8-11ea-b6d8-ab58ae5d7a3a', 'Dolorous Edd', 'b4f263e4-bbe8-11ea-b6d8-ab58ae5d7a3a');
INSERT INTO aliases (alias_id, alias, character_id) values ('b4f263ec-bbe8-11ea-b6d8-ab58ae5d7a3a', 'The serpent''s whore', 'b4f263eb-bbe8-11ea-b6d8-ab58ae5d7a3a');
INSERT INTO aliases (alias_id, alias, character_id) values ('b4f263f5-bbe8-11ea-b6d8-ab58ae5d7a3a', 'The White Bull', 'b4f263f2-bbe8-11ea-b6d8-ab58ae5d7a3a');
INSERT INTO aliases (alias_id, alias, character_id) values ('b4f263f8-bbe8-11ea-b6d8-ab58ae5d7a3a', 'Aurochs', 'b4f263f7-bbe8-11ea-b6d8-ab58ae5d7a3a');
INSERT INTO aliases (alias_id, alias, character_id) values ('b4f26402-bbe8-11ea-b6d8-ab58ae5d7a3a', 'The Fool of Florent', 'b4f263ff-bbe8-11ea-b6d8-ab58ae5d7a3a');
INSERT INTO aliases (alias_id, alias, character_id) values ('b4f26408-bbe8-11ea-b6d8-ab58ae5d7a3a', 'The Kingslayer', 'b4f26404-bbe8-11ea-b6d8-ab58ae5d7a3a');
INSERT INTO aliases (alias_id, alias, character_id) values ('b4f26409-bbe8-11ea-b6d8-ab58ae5d7a3a', 'The Lion of Lannister', 'b4f26404-bbe8-11ea-b6d8-ab58ae5d7a3a');
INSERT INTO aliases (alias_id, alias, character_id) values ('b4f2640a-bbe8-11ea-b6d8-ab58ae5d7a3a', 'The Young Lion', 'b4f26404-bbe8-11ea-b6d8-ab58ae5d7a3a');
INSERT INTO aliases (alias_id, alias, character_id) values ('b4f2640b-bbe8-11ea-b6d8-ab58ae5d7a3a', 'Cripple', 'b4f26404-bbe8-11ea-b6d8-ab58ae5d7a3a');
INSERT INTO aliases (alias_id, alias, character_id) values ('b4f26413-bbe8-11ea-b6d8-ab58ae5d7a3a', 'The Old Bear', 'b4f26410-bbe8-11ea-b6d8-ab58ae5d7a3a');
INSERT INTO aliases (alias_id, alias, character_id) values ('b4f26419-bbe8-11ea-b6d8-ab58ae5d7a3a', 'Joffrey the Illborn', 'b4f26415-bbe8-11ea-b6d8-ab58ae5d7a3a');
INSERT INTO aliases (alias_id, alias, character_id) values ('b4f2641a-bbe8-11ea-b6d8-ab58ae5d7a3a', 'The Young Usurper', 'b4f26415-bbe8-11ea-b6d8-ab58ae5d7a3a');
INSERT INTO aliases (alias_id, alias, character_id) values ('b4f2641b-bbe8-11ea-b6d8-ab58ae5d7a3a', 'Aerys the Third', 'b4f26415-bbe8-11ea-b6d8-ab58ae5d7a3a');
INSERT INTO aliases (alias_id, alias, character_id) values ('b4f2641c-bbe8-11ea-b6d8-ab58ae5d7a3a', 'Joffrey-called-Baratheon', 'b4f26415-bbe8-11ea-b6d8-ab58ae5d7a3a');
INSERT INTO aliases (alias_id, alias, character_id) values ('b4f2641e-bbe8-11ea-b6d8-ab58ae5d7a3a', 'Little Grandfather', 'b4f2641d-bbe8-11ea-b6d8-ab58ae5d7a3a');
INSERT INTO aliases (alias_id, alias, character_id) values ('b4f26428-bbe8-11ea-b6d8-ab58ae5d7a3a', 'Lord Snow', 'b4f26426-bbe8-11ea-b6d8-ab58ae5d7a3a');
INSERT INTO aliases (alias_id, alias, character_id) values ('b4f26429-bbe8-11ea-b6d8-ab58ae5d7a3a', 'Ned Stark''s Bastard', 'b4f26426-bbe8-11ea-b6d8-ab58ae5d7a3a');
INSERT INTO aliases (alias_id, alias, character_id) values ('b4f2642a-bbe8-11ea-b6d8-ab58ae5d7a3a', 'The Snow of Winterfell', 'b4f26426-bbe8-11ea-b6d8-ab58ae5d7a3a');
INSERT INTO aliases (alias_id, alias, character_id) values ('b4f2642b-bbe8-11ea-b6d8-ab58ae5d7a3a', 'The Crow-Come-Over', 'b4f26426-bbe8-11ea-b6d8-ab58ae5d7a3a');
INSERT INTO aliases (alias_id, alias, character_id) values ('b4f2642c-bbe8-11ea-b6d8-ab58ae5d7a3a', 'The 998th Lord Commander of the Night''s Watch', 'b4f26426-bbe8-11ea-b6d8-ab58ae5d7a3a');
INSERT INTO aliases (alias_id, alias, character_id) values ('b4f2642d-bbe8-11ea-b6d8-ab58ae5d7a3a', 'The Bastard of Winterfell', 'b4f26426-bbe8-11ea-b6d8-ab58ae5d7a3a');
INSERT INTO aliases (alias_id, alias, character_id) values ('b4f2642e-bbe8-11ea-b6d8-ab58ae5d7a3a', 'The Black Bastard of the Wall', 'b4f26426-bbe8-11ea-b6d8-ab58ae5d7a3a');
INSERT INTO aliases (alias_id, alias, character_id) values ('b4f2642f-bbe8-11ea-b6d8-ab58ae5d7a3a', 'Lord Crow', 'b4f26426-bbe8-11ea-b6d8-ab58ae5d7a3a');
INSERT INTO aliases (alias_id, alias, character_id) values ('b4f26433-bbe8-11ea-b6d8-ab58ae5d7a3a', 'The Greatjon', 'b4f26431-bbe8-11ea-b6d8-ab58ae5d7a3a');
INSERT INTO aliases (alias_id, alias, character_id) values ('b4f26434-bbe8-11ea-b6d8-ab58ae5d7a3a', 'Greatjon Umber', 'b4f26431-bbe8-11ea-b6d8-ab58ae5d7a3a');
INSERT INTO aliases (alias_id, alias, character_id) values ('b4f26437-bbe8-11ea-b6d8-ab58ae5d7a3a', 'The Smalljon', 'b4f26436-bbe8-11ea-b6d8-ab58ae5d7a3a');
INSERT INTO aliases (alias_id, alias, character_id) values ('b4f26438-bbe8-11ea-b6d8-ab58ae5d7a3a', 'Smalljon Umber', 'b4f26436-bbe8-11ea-b6d8-ab58ae5d7a3a');
INSERT INTO aliases (alias_id, alias, character_id) values ('b4f2644f-bbe8-11ea-b6d8-ab58ae5d7a3a', 'The Knight of Flowers', 'b4f2644c-bbe8-11ea-b6d8-ab58ae5d7a3a');
INSERT INTO aliases (alias_id, alias, character_id) values ('b4f26450-bbe8-11ea-b6d8-ab58ae5d7a3a', 'Knight o'' Pansies', 'b4f2644c-bbe8-11ea-b6d8-ab58ae5d7a3a');
INSERT INTO aliases (alias_id, alias, character_id) values ('b4f26451-bbe8-11ea-b6d8-ab58ae5d7a3a', 'Ser Daisy', 'b4f2644c-bbe8-11ea-b6d8-ab58ae5d7a3a');
INSERT INTO aliases (alias_id, alias, character_id) values ('b4f26455-bbe8-11ea-b6d8-ab58ae5d7a3a', 'Lame Lothar', 'b4f26453-bbe8-11ea-b6d8-ab58ae5d7a3a');
INSERT INTO aliases (alias_id, alias, character_id) values ('b4f2645b-bbe8-11ea-b6d8-ab58ae5d7a3a', 'Lysa Tully', 'b4f26459-bbe8-11ea-b6d8-ab58ae5d7a3a');
INSERT INTO aliases (alias_id, alias, character_id) values ('b4f26466-bbe8-11ea-b6d8-ab58ae5d7a3a', 'Lord Oaf', 'b4f2645f-bbe8-11ea-b6d8-ab58ae5d7a3a');
INSERT INTO aliases (alias_id, alias, character_id) values ('b4f26467-bbe8-11ea-b6d8-ab58ae5d7a3a', 'The Fat Flower', 'b4f2645f-bbe8-11ea-b6d8-ab58ae5d7a3a');
INSERT INTO aliases (alias_id, alias, character_id) values ('b4f26468-bbe8-11ea-b6d8-ab58ae5d7a3a', 'Lord Puff Fish', 'b4f2645f-bbe8-11ea-b6d8-ab58ae5d7a3a');
INSERT INTO aliases (alias_id, alias, character_id) values ('b4f2646c-bbe8-11ea-b6d8-ab58ae5d7a3a', 'The She-Bear', 'b4f2646a-bbe8-11ea-b6d8-ab58ae5d7a3a');
INSERT INTO aliases (alias_id, alias, character_id) values ('b4f26479-bbe8-11ea-b6d8-ab58ae5d7a3a', 'The Red Priestess', 'b4f26478-bbe8-11ea-b6d8-ab58ae5d7a3a');
INSERT INTO aliases (alias_id, alias, character_id) values ('b4f2647a-bbe8-11ea-b6d8-ab58ae5d7a3a', 'The Red Woman', 'b4f26478-bbe8-11ea-b6d8-ab58ae5d7a3a');
INSERT INTO aliases (alias_id, alias, character_id) values ('b4f2647b-bbe8-11ea-b6d8-ab58ae5d7a3a', 'The King''s Red Shadow', 'b4f26478-bbe8-11ea-b6d8-ab58ae5d7a3a');
INSERT INTO aliases (alias_id, alias, character_id) values ('b4f2647c-bbe8-11ea-b6d8-ab58ae5d7a3a', 'Lady Red', 'b4f26478-bbe8-11ea-b6d8-ab58ae5d7a3a');
INSERT INTO aliases (alias_id, alias, character_id) values ('b4f2647d-bbe8-11ea-b6d8-ab58ae5d7a3a', 'Lot Seven', 'b4f26478-bbe8-11ea-b6d8-ab58ae5d7a3a');
INSERT INTO aliases (alias_id, alias, character_id) values ('b4f26486-bbe8-11ea-b6d8-ab58ae5d7a3a', 'The Queen of Thorns', 'b4f26484-bbe8-11ea-b6d8-ab58ae5d7a3a');
INSERT INTO aliases (alias_id, alias, character_id) values ('b4f26491-bbe8-11ea-b6d8-ab58ae5d7a3a', 'Littlefinger', 'b4f2648c-bbe8-11ea-b6d8-ab58ae5d7a3a');
INSERT INTO aliases (alias_id, alias, character_id) values ('b4f26495-bbe8-11ea-b6d8-ab58ae5d7a3a', 'Pod', 'b4f26494-bbe8-11ea-b6d8-ab58ae5d7a3a');
INSERT INTO aliases (alias_id, alias, character_id) values ('b4f26498-bbe8-11ea-b6d8-ab58ae5d7a3a', 'Pyp', 'b4f26497-bbe8-11ea-b6d8-ab58ae5d7a3a');
INSERT INTO aliases (alias_id, alias, character_id) values ('b4f26499-bbe8-11ea-b6d8-ab58ae5d7a3a', 'Monkey', 'b4f26497-bbe8-11ea-b6d8-ab58ae5d7a3a');
INSERT INTO aliases (alias_id, alias, character_id) values ('b4f2649a-bbe8-11ea-b6d8-ab58ae5d7a3a', 'Mummer''s Monkey', 'b4f26497-bbe8-11ea-b6d8-ab58ae5d7a3a');
INSERT INTO aliases (alias_id, alias, character_id) values ('b4f2649c-bbe8-11ea-b6d8-ab58ae5d7a3a', 'Qhorin Halfhand', 'b4f2649b-bbe8-11ea-b6d8-ab58ae5d7a3a');
INSERT INTO aliases (alias_id, alias, character_id) values ('b4f264a1-bbe8-11ea-b6d8-ab58ae5d7a3a', 'Ramsay Bolton', 'b4f2649d-bbe8-11ea-b6d8-ab58ae5d7a3a');
INSERT INTO aliases (alias_id, alias, character_id) values ('b4f264a2-bbe8-11ea-b6d8-ab58ae5d7a3a', 'The Bastard of Bolton', 'b4f2649d-bbe8-11ea-b6d8-ab58ae5d7a3a');
INSERT INTO aliases (alias_id, alias, character_id) values ('b4f264a3-bbe8-11ea-b6d8-ab58ae5d7a3a', 'The Bastard of the Dreadfort', 'b4f2649d-bbe8-11ea-b6d8-ab58ae5d7a3a');
INSERT INTO aliases (alias_id, alias, character_id) values ('b4f264a4-bbe8-11ea-b6d8-ab58ae5d7a3a', 'Reek', 'b4f2649d-bbe8-11ea-b6d8-ab58ae5d7a3a');
INSERT INTO aliases (alias_id, alias, character_id) values ('b4f264a5-bbe8-11ea-b6d8-ab58ae5d7a3a', 'Red Helm', 'b4f2649d-bbe8-11ea-b6d8-ab58ae5d7a3a');
INSERT INTO aliases (alias_id, alias, character_id) values ('b4f264a6-bbe8-11ea-b6d8-ab58ae5d7a3a', 'Monster', 'b4f2649d-bbe8-11ea-b6d8-ab58ae5d7a3a');
INSERT INTO aliases (alias_id, alias, character_id) values ('b4f264b2-bbe8-11ea-b6d8-ab58ae5d7a3a', 'The King in Highgarden', 'b4f264ad-bbe8-11ea-b6d8-ab58ae5d7a3a');
INSERT INTO aliases (alias_id, alias, character_id) values ('b4f264b3-bbe8-11ea-b6d8-ab58ae5d7a3a', 'The King in the South', 'b4f264ad-bbe8-11ea-b6d8-ab58ae5d7a3a');
INSERT INTO aliases (alias_id, alias, character_id) values ('b4f264c4-bbe8-11ea-b6d8-ab58ae5d7a3a', 'Sweetrobin', 'b4f264c0-bbe8-11ea-b6d8-ab58ae5d7a3a');
INSERT INTO aliases (alias_id, alias, character_id) values ('b4f264c5-bbe8-11ea-b6d8-ab58ae5d7a3a', 'True Warden of the East', 'b4f264c0-bbe8-11ea-b6d8-ab58ae5d7a3a');
INSERT INTO aliases (alias_id, alias, character_id) values ('b4f264cc-bbe8-11ea-b6d8-ab58ae5d7a3a', 'The Usurper', 'b4f264c7-bbe8-11ea-b6d8-ab58ae5d7a3a');
INSERT INTO aliases (alias_id, alias, character_id) values ('b4f264cd-bbe8-11ea-b6d8-ab58ae5d7a3a', 'Demon of the Trident', 'b4f264c7-bbe8-11ea-b6d8-ab58ae5d7a3a');
INSERT INTO aliases (alias_id, alias, character_id) values ('b4f264ce-bbe8-11ea-b6d8-ab58ae5d7a3a', 'The Whoremonger King', 'b4f264c7-bbe8-11ea-b6d8-ab58ae5d7a3a');
INSERT INTO aliases (alias_id, alias, character_id) values ('b4f264d5-bbe8-11ea-b6d8-ab58ae5d7a3a', 'Old Ser Rodrik', 'b4f264d1-bbe8-11ea-b6d8-ab58ae5d7a3a');
INSERT INTO aliases (alias_id, alias, character_id) values ('b4f264db-bbe8-11ea-b6d8-ab58ae5d7a3a', 'The Leech Lord', 'b4f264d8-bbe8-11ea-b6d8-ab58ae5d7a3a');
INSERT INTO aliases (alias_id, alias, character_id) values ('b4f264e1-bbe8-11ea-b6d8-ab58ae5d7a3a', 'Sam', 'b4f264e0-bbe8-11ea-b6d8-ab58ae5d7a3a');
INSERT INTO aliases (alias_id, alias, character_id) values ('b4f264e2-bbe8-11ea-b6d8-ab58ae5d7a3a', 'Ser Piggy', 'b4f264e0-bbe8-11ea-b6d8-ab58ae5d7a3a');
INSERT INTO aliases (alias_id, alias, character_id) values ('b4f264e3-bbe8-11ea-b6d8-ab58ae5d7a3a', 'Prince Pork-chop', 'b4f264e0-bbe8-11ea-b6d8-ab58ae5d7a3a');
INSERT INTO aliases (alias_id, alias, character_id) values ('b4f264e4-bbe8-11ea-b6d8-ab58ae5d7a3a', 'Lady Piggy', 'b4f264e0-bbe8-11ea-b6d8-ab58ae5d7a3a');
INSERT INTO aliases (alias_id, alias, character_id) values ('b4f264e5-bbe8-11ea-b6d8-ab58ae5d7a3a', 'Sam the Slayer', 'b4f264e0-bbe8-11ea-b6d8-ab58ae5d7a3a');
INSERT INTO aliases (alias_id, alias, character_id) values ('b4f264e6-bbe8-11ea-b6d8-ab58ae5d7a3a', 'Black Sam', 'b4f264e0-bbe8-11ea-b6d8-ab58ae5d7a3a');
INSERT INTO aliases (alias_id, alias, character_id) values ('b4f264e7-bbe8-11ea-b6d8-ab58ae5d7a3a', 'Lord of Ham', 'b4f264e0-bbe8-11ea-b6d8-ab58ae5d7a3a');
INSERT INTO aliases (alias_id, alias, character_id) values ('b4f264ea-bbe8-11ea-b6d8-ab58ae5d7a3a', 'The Hound', 'b4f264e9-bbe8-11ea-b6d8-ab58ae5d7a3a');
INSERT INTO aliases (alias_id, alias, character_id) values ('b4f264eb-bbe8-11ea-b6d8-ab58ae5d7a3a', 'Dog', 'b4f264e9-bbe8-11ea-b6d8-ab58ae5d7a3a');
INSERT INTO aliases (alias_id, alias, character_id) values ('b4f264f0-bbe8-11ea-b6d8-ab58ae5d7a3a', 'Little bird', 'b4f264ee-bbe8-11ea-b6d8-ab58ae5d7a3a');
INSERT INTO aliases (alias_id, alias, character_id) values ('b4f264f1-bbe8-11ea-b6d8-ab58ae5d7a3a', 'Alayne Stone', 'b4f264ee-bbe8-11ea-b6d8-ab58ae5d7a3a');
INSERT INTO aliases (alias_id, alias, character_id) values ('b4f264f2-bbe8-11ea-b6d8-ab58ae5d7a3a', 'Jonquil', 'b4f264ee-bbe8-11ea-b6d8-ab58ae5d7a3a');
INSERT INTO aliases (alias_id, alias, character_id) values ('b4f26501-bbe8-11ea-b6d8-ab58ae5d7a3a', 'Prince of Fools', 'b4f264fd-bbe8-11ea-b6d8-ab58ae5d7a3a');
INSERT INTO aliases (alias_id, alias, character_id) values ('b4f26502-bbe8-11ea-b6d8-ab58ae5d7a3a', 'Theon Turncloak', 'b4f264fd-bbe8-11ea-b6d8-ab58ae5d7a3a');
INSERT INTO aliases (alias_id, alias, character_id) values ('b4f26503-bbe8-11ea-b6d8-ab58ae5d7a3a', 'Reek', 'b4f264fd-bbe8-11ea-b6d8-ab58ae5d7a3a');
INSERT INTO aliases (alias_id, alias, character_id) values ('b4f26504-bbe8-11ea-b6d8-ab58ae5d7a3a', 'Theon Kinslayer', 'b4f264fd-bbe8-11ea-b6d8-ab58ae5d7a3a');
INSERT INTO aliases (alias_id, alias, character_id) values ('b4f26509-bbe8-11ea-b6d8-ab58ae5d7a3a', 'The Boy King', 'b4f26506-bbe8-11ea-b6d8-ab58ae5d7a3a');
INSERT INTO aliases (alias_id, alias, character_id) values ('b4f2650b-bbe8-11ea-b6d8-ab58ae5d7a3a', 'Torr', 'b4f2650a-bbe8-11ea-b6d8-ab58ae5d7a3a');
INSERT INTO aliases (alias_id, alias, character_id) values ('b4f26513-bbe8-11ea-b6d8-ab58ae5d7a3a', 'The Imp', 'b4f26510-bbe8-11ea-b6d8-ab58ae5d7a3a');
INSERT INTO aliases (alias_id, alias, character_id) values ('b4f26514-bbe8-11ea-b6d8-ab58ae5d7a3a', 'Halfman', 'b4f26510-bbe8-11ea-b6d8-ab58ae5d7a3a');
INSERT INTO aliases (alias_id, alias, character_id) values ('b4f26515-bbe8-11ea-b6d8-ab58ae5d7a3a', 'The boyman', 'b4f26510-bbe8-11ea-b6d8-ab58ae5d7a3a');
INSERT INTO aliases (alias_id, alias, character_id) values ('b4f26516-bbe8-11ea-b6d8-ab58ae5d7a3a', 'Giant of Lannister', 'b4f26510-bbe8-11ea-b6d8-ab58ae5d7a3a');
INSERT INTO aliases (alias_id, alias, character_id) values ('b4f26517-bbe8-11ea-b6d8-ab58ae5d7a3a', 'Lord Tywin''s Doom', 'b4f26510-bbe8-11ea-b6d8-ab58ae5d7a3a');
INSERT INTO aliases (alias_id, alias, character_id) values ('b4f26518-bbe8-11ea-b6d8-ab58ae5d7a3a', 'Lord Tywin''s Bane', 'b4f26510-bbe8-11ea-b6d8-ab58ae5d7a3a');
INSERT INTO aliases (alias_id, alias, character_id) values ('b4f26519-bbe8-11ea-b6d8-ab58ae5d7a3a', 'Yollo', 'b4f26510-bbe8-11ea-b6d8-ab58ae5d7a3a');
INSERT INTO aliases (alias_id, alias, character_id) values ('b4f2651a-bbe8-11ea-b6d8-ab58ae5d7a3a', 'Hugor Hill', 'b4f26510-bbe8-11ea-b6d8-ab58ae5d7a3a');
INSERT INTO aliases (alias_id, alias, character_id) values ('b4f2651b-bbe8-11ea-b6d8-ab58ae5d7a3a', 'No-Nose', 'b4f26510-bbe8-11ea-b6d8-ab58ae5d7a3a');
INSERT INTO aliases (alias_id, alias, character_id) values ('b4f2651c-bbe8-11ea-b6d8-ab58ae5d7a3a', 'Freak', 'b4f26510-bbe8-11ea-b6d8-ab58ae5d7a3a');
INSERT INTO aliases (alias_id, alias, character_id) values ('b4f2651d-bbe8-11ea-b6d8-ab58ae5d7a3a', 'Dwarf', 'b4f26510-bbe8-11ea-b6d8-ab58ae5d7a3a');
INSERT INTO aliases (alias_id, alias, character_id) values ('b4f26526-bbe8-11ea-b6d8-ab58ae5d7a3a', 'The Beggar King', 'b4f26524-bbe8-11ea-b6d8-ab58ae5d7a3a');
INSERT INTO aliases (alias_id, alias, character_id) values ('b4f26527-bbe8-11ea-b6d8-ab58ae5d7a3a', 'Khal Rhaggat (The Cart King)', 'b4f26524-bbe8-11ea-b6d8-ab58ae5d7a3a');
INSERT INTO aliases (alias_id, alias, character_id) values ('b4f2652a-bbe8-11ea-b6d8-ab58ae5d7a3a', 'Fat Walda', 'b4f26529-bbe8-11ea-b6d8-ab58ae5d7a3a');
INSERT INTO aliases (alias_id, alias, character_id) values ('b4f2652b-bbe8-11ea-b6d8-ab58ae5d7a3a', 'Walda Bolton', 'b4f26529-bbe8-11ea-b6d8-ab58ae5d7a3a');
INSERT INTO aliases (alias_id, alias, character_id) values ('b4f2652f-bbe8-11ea-b6d8-ab58ae5d7a3a', 'Black Walder', 'b4f2652e-bbe8-11ea-b6d8-ab58ae5d7a3a');
INSERT INTO aliases (alias_id, alias, character_id) values ('b4f26533-bbe8-11ea-b6d8-ab58ae5d7a3a', 'The Late Lord Frey', 'b4f26531-bbe8-11ea-b6d8-ab58ae5d7a3a');
INSERT INTO aliases (alias_id, alias, character_id) values ('b4f26534-bbe8-11ea-b6d8-ab58ae5d7a3a', 'Old Frey', 'b4f26531-bbe8-11ea-b6d8-ab58ae5d7a3a');
INSERT INTO aliases (alias_id, alias, character_id) values ('b4f2653e-bbe8-11ea-b6d8-ab58ae5d7a3a', 'Bronze Yohn', 'b4f2653c-bbe8-11ea-b6d8-ab58ae5d7a3a');
INSERT INTO aliases (alias_id, alias, character_id) values ('b4f26545-bbe8-11ea-b6d8-ab58ae5d7a3a', 'The Archer', 'b4f26544-bbe8-11ea-b6d8-ab58ae5d7a3a');
INSERT INTO aliases (alias_id, alias, character_id) values ('b4f2654e-bbe8-11ea-b6d8-ab58ae5d7a3a', 'Lord Bloodraven', 'b4f2654a-bbe8-11ea-b6d8-ab58ae5d7a3a');
INSERT INTO aliases (alias_id, alias, character_id) values ('b4f2654f-bbe8-11ea-b6d8-ab58ae5d7a3a', 'The three-eyed crow', 'b4f2654a-bbe8-11ea-b6d8-ab58ae5d7a3a');
INSERT INTO aliases (alias_id, alias, character_id) values ('b4f2655b-bbe8-11ea-b6d8-ab58ae5d7a3a', 'Bastard of Godsgrace', 'b4f26559-bbe8-11ea-b6d8-ab58ae5d7a3a');
INSERT INTO aliases (alias_id, alias, character_id) values ('b4f26563-bbe8-11ea-b6d8-ab58ae5d7a3a', 'Dany', 'b4f2655d-bbe8-11ea-b6d8-ab58ae5d7a3a');
INSERT INTO aliases (alias_id, alias, character_id) values ('b4f26564-bbe8-11ea-b6d8-ab58ae5d7a3a', 'Daenerys Stormborn', 'b4f2655d-bbe8-11ea-b6d8-ab58ae5d7a3a');
INSERT INTO aliases (alias_id, alias, character_id) values ('b4f26565-bbe8-11ea-b6d8-ab58ae5d7a3a', 'The Unburnt', 'b4f2655d-bbe8-11ea-b6d8-ab58ae5d7a3a');
INSERT INTO aliases (alias_id, alias, character_id) values ('b4f26566-bbe8-11ea-b6d8-ab58ae5d7a3a', 'Mother of Dragons', 'b4f2655d-bbe8-11ea-b6d8-ab58ae5d7a3a');
INSERT INTO aliases (alias_id, alias, character_id) values ('b4f26567-bbe8-11ea-b6d8-ab58ae5d7a3a', 'Mother', 'b4f2655d-bbe8-11ea-b6d8-ab58ae5d7a3a');
INSERT INTO aliases (alias_id, alias, character_id) values ('b4f26568-bbe8-11ea-b6d8-ab58ae5d7a3a', 'Mhysa', 'b4f2655d-bbe8-11ea-b6d8-ab58ae5d7a3a');
INSERT INTO aliases (alias_id, alias, character_id) values ('b4f26569-bbe8-11ea-b6d8-ab58ae5d7a3a', 'The Silver Queen', 'b4f2655d-bbe8-11ea-b6d8-ab58ae5d7a3a');
INSERT INTO aliases (alias_id, alias, character_id) values ('b4f2656a-bbe8-11ea-b6d8-ab58ae5d7a3a', 'Silver Lady', 'b4f2655d-bbe8-11ea-b6d8-ab58ae5d7a3a');
INSERT INTO aliases (alias_id, alias, character_id) values ('b4f2656b-bbe8-11ea-b6d8-ab58ae5d7a3a', 'Dragonmother', 'b4f2655d-bbe8-11ea-b6d8-ab58ae5d7a3a');
INSERT INTO aliases (alias_id, alias, character_id) values ('b4f2656c-bbe8-11ea-b6d8-ab58ae5d7a3a', 'The Dragon Queen', 'b4f2655d-bbe8-11ea-b6d8-ab58ae5d7a3a');
INSERT INTO aliases (alias_id, alias, character_id) values ('b4f2656d-bbe8-11ea-b6d8-ab58ae5d7a3a', 'The Mad King''s daughter', 'b4f2655d-bbe8-11ea-b6d8-ab58ae5d7a3a');
INSERT INTO aliases (alias_id, alias, character_id) values ('b4f26571-bbe8-11ea-b6d8-ab58ae5d7a3a', 'Dagmer Cleftjaw', 'b4f2656f-bbe8-11ea-b6d8-ab58ae5d7a3a');
INSERT INTO aliases (alias_id, alias, character_id) values ('b4f26578-bbe8-11ea-b6d8-ab58ae5d7a3a', 'Onion Knight', 'b4f26573-bbe8-11ea-b6d8-ab58ae5d7a3a');
INSERT INTO aliases (alias_id, alias, character_id) values ('b4f26579-bbe8-11ea-b6d8-ab58ae5d7a3a', 'Davos Shorthand', 'b4f26573-bbe8-11ea-b6d8-ab58ae5d7a3a');
INSERT INTO aliases (alias_id, alias, character_id) values ('b4f2657a-bbe8-11ea-b6d8-ab58ae5d7a3a', 'Ser Onions', 'b4f26573-bbe8-11ea-b6d8-ab58ae5d7a3a');
INSERT INTO aliases (alias_id, alias, character_id) values ('b4f2657b-bbe8-11ea-b6d8-ab58ae5d7a3a', 'Onion Lord', 'b4f26573-bbe8-11ea-b6d8-ab58ae5d7a3a');
INSERT INTO aliases (alias_id, alias, character_id) values ('b4f2657c-bbe8-11ea-b6d8-ab58ae5d7a3a', 'Smuggler', 'b4f26573-bbe8-11ea-b6d8-ab58ae5d7a3a');
INSERT INTO aliases (alias_id, alias, character_id) values ('b4f26585-bbe8-11ea-b6d8-ab58ae5d7a3a', 'Great Rider', 'b4f26583-bbe8-11ea-b6d8-ab58ae5d7a3a');
INSERT INTO aliases (alias_id, alias, character_id) values ('b4f26586-bbe8-11ea-b6d8-ab58ae5d7a3a', 'Great Khal', 'b4f26583-bbe8-11ea-b6d8-ab58ae5d7a3a');
INSERT INTO aliases (alias_id, alias, character_id) values ('b4f2658b-bbe8-11ea-b6d8-ab58ae5d7a3a', 'The Bull', 'b4f26589-bbe8-11ea-b6d8-ab58ae5d7a3a');
INSERT INTO aliases (alias_id, alias, character_id) values ('b4f2658c-bbe8-11ea-b6d8-ab58ae5d7a3a', 'Ser Gendry of the hollow hill', 'b4f26589-bbe8-11ea-b6d8-ab58ae5d7a3a');
INSERT INTO aliases (alias_id, alias, character_id) values ('b4f2658e-bbe8-11ea-b6d8-ab58ae5d7a3a', 'the rabbit keeper', 'b4f2658d-bbe8-11ea-b6d8-ab58ae5d7a3a');
INSERT INTO aliases (alias_id, alias, character_id) values ('b4f26592-bbe8-11ea-b6d8-ab58ae5d7a3a', 'The Mountain That Rides', 'b4f2658f-bbe8-11ea-b6d8-ab58ae5d7a3a');
INSERT INTO aliases (alias_id, alias, character_id) values ('b4f26593-bbe8-11ea-b6d8-ab58ae5d7a3a', 'The Mountain', 'b4f2658f-bbe8-11ea-b6d8-ab58ae5d7a3a');
INSERT INTO aliases (alias_id, alias, character_id) values ('b4f26594-bbe8-11ea-b6d8-ab58ae5d7a3a', 'The Great Dog', 'b4f2658f-bbe8-11ea-b6d8-ab58ae5d7a3a');
INSERT INTO aliases (alias_id, alias, character_id) values ('b4f2659c-bbe8-11ea-b6d8-ab58ae5d7a3a', 'Hallyne the Pryomancer', 'b4f26599-bbe8-11ea-b6d8-ab58ae5d7a3a');
INSERT INTO aliases (alias_id, alias, character_id) values ('b4f265a3-bbe8-11ea-b6d8-ab58ae5d7a3a', 'Hizdak', 'b4f2659d-bbe8-11ea-b6d8-ab58ae5d7a3a');
INSERT INTO aliases (alias_id, alias, character_id) values ('b4f265a4-bbe8-11ea-b6d8-ab58ae5d7a3a', 'Hizdahr of the tepid kisses', 'b4f2659d-bbe8-11ea-b6d8-ab58ae5d7a3a');
INSERT INTO aliases (alias_id, alias, character_id) values ('b4f265a9-bbe8-11ea-b6d8-ab58ae5d7a3a', 'The Cheesemonger', 'b4f265a7-bbe8-11ea-b6d8-ab58ae5d7a3a');
INSERT INTO aliases (alias_id, alias, character_id) values ('b4f265aa-bbe8-11ea-b6d8-ab58ae5d7a3a', 'The Fat Man', 'b4f265a7-bbe8-11ea-b6d8-ab58ae5d7a3a');
INSERT INTO aliases (alias_id, alias, character_id) values ('b4f265ab-bbe8-11ea-b6d8-ab58ae5d7a3a', 'The Lord of Cheese', 'b4f265a7-bbe8-11ea-b6d8-ab58ae5d7a3a');
INSERT INTO aliases (alias_id, alias, character_id) values ('b4f265b0-bbe8-11ea-b6d8-ab58ae5d7a3a', 'Lorath', 'b4f265af-bbe8-11ea-b6d8-ab58ae5d7a3a');
INSERT INTO aliases (alias_id, alias, character_id) values ('b4f265b9-bbe8-11ea-b6d8-ab58ae5d7a3a', 'Jorah the Andal', 'b4f265b6-bbe8-11ea-b6d8-ab58ae5d7a3a');
INSERT INTO aliases (alias_id, alias, character_id) values ('b4f265ba-bbe8-11ea-b6d8-ab58ae5d7a3a', 'Bear', 'b4f265b6-bbe8-11ea-b6d8-ab58ae5d7a3a');
INSERT INTO aliases (alias_id, alias, character_id) values ('b4f265be-bbe8-11ea-b6d8-ab58ae5d7a3a', 'Clubfoot Karl', 'b4f265bd-bbe8-11ea-b6d8-ab58ae5d7a3a');
INSERT INTO aliases (alias_id, alias, character_id) values ('b4f265c1-bbe8-11ea-b6d8-ab58ae5d7a3a', 'Lem Lemoncloak', 'b4f265c0-bbe8-11ea-b6d8-ab58ae5d7a3a');
INSERT INTO aliases (alias_id, alias, character_id) values ('b4f265c2-bbe8-11ea-b6d8-ab58ae5d7a3a', 'The Lemon', 'b4f265c0-bbe8-11ea-b6d8-ab58ae5d7a3a');
INSERT INTO aliases (alias_id, alias, character_id) values ('b4f265c3-bbe8-11ea-b6d8-ab58ae5d7a3a', 'Yellow cloak', 'b4f265c0-bbe8-11ea-b6d8-ab58ae5d7a3a');
INSERT INTO aliases (alias_id, alias, character_id) values ('b4f265c5-bbe8-11ea-b6d8-ab58ae5d7a3a', 'Lommy Greenhands', 'b4f265c4-bbe8-11ea-b6d8-ab58ae5d7a3a');
INSERT INTO aliases (alias_id, alias, character_id) values ('b4f265c7-bbe8-11ea-b6d8-ab58ae5d7a3a', 'Rattleshirt', 'b4f265c6-bbe8-11ea-b6d8-ab58ae5d7a3a');
INSERT INTO aliases (alias_id, alias, character_id) values ('b4f265c8-bbe8-11ea-b6d8-ab58ae5d7a3a', 'Lord o'' Bones', 'b4f265c6-bbe8-11ea-b6d8-ab58ae5d7a3a');
INSERT INTO aliases (alias_id, alias, character_id) values ('b4f265c9-bbe8-11ea-b6d8-ab58ae5d7a3a', 'Bag o'' Bones', 'b4f265c6-bbe8-11ea-b6d8-ab58ae5d7a3a');
INSERT INTO aliases (alias_id, alias, character_id) values ('b4f265cb-bbe8-11ea-b6d8-ab58ae5d7a3a', 'Black Lorren', 'b4f265ca-bbe8-11ea-b6d8-ab58ae5d7a3a');
INSERT INTO aliases (alias_id, alias, character_id) values ('b4f265cf-bbe8-11ea-b6d8-ab58ae5d7a3a', 'The She-Wolf', 'b4f265ce-bbe8-11ea-b6d8-ab58ae5d7a3a');
INSERT INTO aliases (alias_id, alias, character_id) values ('b4f265d0-bbe8-11ea-b6d8-ab58ae5d7a3a', 'The Wolf Maid', 'b4f265ce-bbe8-11ea-b6d8-ab58ae5d7a3a');
INSERT INTO aliases (alias_id, alias, character_id) values ('b4f265d1-bbe8-11ea-b6d8-ab58ae5d7a3a', 'Lya', 'b4f265ce-bbe8-11ea-b6d8-ab58ae5d7a3a');
INSERT INTO aliases (alias_id, alias, character_id) values ('b4f265d4-bbe8-11ea-b6d8-ab58ae5d7a3a', 'Maggy the Frog', 'b4f265d3-bbe8-11ea-b6d8-ab58ae5d7a3a');
INSERT INTO aliases (alias_id, alias, character_id) values ('b4f265d9-bbe8-11ea-b6d8-ab58ae5d7a3a', 'The Mance', 'b4f265d7-bbe8-11ea-b6d8-ab58ae5d7a3a');
INSERT INTO aliases (alias_id, alias, character_id) values ('b4f265da-bbe8-11ea-b6d8-ab58ae5d7a3a', 'Abel', 'b4f265d7-bbe8-11ea-b6d8-ab58ae5d7a3a');
INSERT INTO aliases (alias_id, alias, character_id) values ('b4f265db-bbe8-11ea-b6d8-ab58ae5d7a3a', 'The Unburnt King', 'b4f265d7-bbe8-11ea-b6d8-ab58ae5d7a3a');
INSERT INTO aliases (alias_id, alias, character_id) values ('b4f265e2-bbe8-11ea-b6d8-ab58ae5d7a3a', 'The Titan''s Bastard', 'b4f265e1-bbe8-11ea-b6d8-ab58ae5d7a3a');
INSERT INTO aliases (alias_id, alias, character_id) values ('b4f265e3-bbe8-11ea-b6d8-ab58ae5d7a3a', 'Mero of Braavos', 'b4f265e1-bbe8-11ea-b6d8-ab58ae5d7a3a');
INSERT INTO aliases (alias_id, alias, character_id) values ('b4f265f1-bbe8-11ea-b6d8-ab58ae5d7a3a', 'Old Nan', 'b4f265f0-bbe8-11ea-b6d8-ab58ae5d7a3a');
INSERT INTO aliases (alias_id, alias, character_id) values ('b4f265f4-bbe8-11ea-b6d8-ab58ae5d7a3a', 'Lady Nym', 'b4f265f3-bbe8-11ea-b6d8-ab58ae5d7a3a');
INSERT INTO aliases (alias_id, alias, character_id) values ('b4f265fa-bbe8-11ea-b6d8-ab58ae5d7a3a', 'The Red Viper', 'b4f265f8-bbe8-11ea-b6d8-ab58ae5d7a3a');
INSERT INTO aliases (alias_id, alias, character_id) values ('b4f26602-bbe8-11ea-b6d8-ab58ae5d7a3a', 'Polly', 'b4f26600-bbe8-11ea-b6d8-ab58ae5d7a3a');
INSERT INTO aliases (alias_id, alias, character_id) values ('b4f2660f-bbe8-11ea-b6d8-ab58ae5d7a3a', 'Quaithe of the Shadow', 'b4f2660e-bbe8-11ea-b6d8-ab58ae5d7a3a');
INSERT INTO aliases (alias_id, alias, character_id) values ('b4f26612-bbe8-11ea-b6d8-ab58ae5d7a3a', 'The Bloody Maester', 'b4f26610-bbe8-11ea-b6d8-ab58ae5d7a3a');
INSERT INTO aliases (alias_id, alias, character_id) values ('b4f26619-bbe8-11ea-b6d8-ab58ae5d7a3a', 'Rat', 'b4f26618-bbe8-11ea-b6d8-ab58ae5d7a3a');
INSERT INTO aliases (alias_id, alias, character_id) values ('b4f2661d-bbe8-11ea-b6d8-ab58ae5d7a3a', 'The Young Wolf', 'b4f2661a-bbe8-11ea-b6d8-ab58ae5d7a3a');
INSERT INTO aliases (alias_id, alias, character_id) values ('b4f2661e-bbe8-11ea-b6d8-ab58ae5d7a3a', 'The King Who Lost the North', 'b4f2661a-bbe8-11ea-b6d8-ab58ae5d7a3a');
INSERT INTO aliases (alias_id, alias, character_id) values ('b4f2661f-bbe8-11ea-b6d8-ab58ae5d7a3a', 'Robb the Lord', 'b4f2661a-bbe8-11ea-b6d8-ab58ae5d7a3a');
INSERT INTO aliases (alias_id, alias, character_id) values ('b4f26620-bbe8-11ea-b6d8-ab58ae5d7a3a', 'The Boy Wolf', 'b4f2661a-bbe8-11ea-b6d8-ab58ae5d7a3a');
INSERT INTO aliases (alias_id, alias, character_id) values ('b4f26622-bbe8-11ea-b6d8-ab58ae5d7a3a', 'Broken Nose', 'b4f26621-bbe8-11ea-b6d8-ab58ae5d7a3a');
INSERT INTO aliases (alias_id, alias, character_id) values ('b4f26623-bbe8-11ea-b6d8-ab58ae5d7a3a', 'The Mad Dog of Saltpans', 'b4f26621-bbe8-11ea-b6d8-ab58ae5d7a3a');
INSERT INTO aliases (alias_id, alias, character_id) values ('b4f26624-bbe8-11ea-b6d8-ab58ae5d7a3a', 'The Hound (II)', 'b4f26621-bbe8-11ea-b6d8-ab58ae5d7a3a');
INSERT INTO aliases (alias_id, alias, character_id) values ('b4f26629-bbe8-11ea-b6d8-ab58ae5d7a3a', 'Salla', 'b4f26627-bbe8-11ea-b6d8-ab58ae5d7a3a');
INSERT INTO aliases (alias_id, alias, character_id) values ('b4f2662e-bbe8-11ea-b6d8-ab58ae5d7a3a', 'Light of the North', 'b4f2662b-bbe8-11ea-b6d8-ab58ae5d7a3a');
INSERT INTO aliases (alias_id, alias, character_id) values ('b4f26638-bbe8-11ea-b6d8-ab58ae5d7a3a', 'The King in the Narrow Sea', 'b4f26632-bbe8-11ea-b6d8-ab58ae5d7a3a');
INSERT INTO aliases (alias_id, alias, character_id) values ('b4f26639-bbe8-11ea-b6d8-ab58ae5d7a3a', 'The King of the Painted Table', 'b4f26632-bbe8-11ea-b6d8-ab58ae5d7a3a');
INSERT INTO aliases (alias_id, alias, character_id) values ('b4f2663a-bbe8-11ea-b6d8-ab58ae5d7a3a', 'The King of Dragonstone', 'b4f26632-bbe8-11ea-b6d8-ab58ae5d7a3a');
INSERT INTO aliases (alias_id, alias, character_id) values ('b4f2663b-bbe8-11ea-b6d8-ab58ae5d7a3a', 'The King at the Wall', 'b4f26632-bbe8-11ea-b6d8-ab58ae5d7a3a');
INSERT INTO aliases (alias_id, alias, character_id) values ('b4f2663c-bbe8-11ea-b6d8-ab58ae5d7a3a', 'Azor Ahai reborncome again', 'b4f26632-bbe8-11ea-b6d8-ab58ae5d7a3a');
INSERT INTO aliases (alias_id, alias, character_id) values ('b4f26646-bbe8-11ea-b6d8-ab58ae5d7a3a', 'the Tickler', 'b4f26645-bbe8-11ea-b6d8-ab58ae5d7a3a');
INSERT INTO aliases (alias_id, alias, character_id) values ('b4f26649-bbe8-11ea-b6d8-ab58ae5d7a3a', 'The red wizard', 'b4f26648-bbe8-11ea-b6d8-ab58ae5d7a3a');
INSERT INTO aliases (alias_id, alias, character_id) values ('b4f2664a-bbe8-11ea-b6d8-ab58ae5d7a3a', 'The Ember', 'b4f26648-bbe8-11ea-b6d8-ab58ae5d7a3a');
INSERT INTO aliases (alias_id, alias, character_id) values ('b4f2664d-bbe8-11ea-b6d8-ab58ae5d7a3a', 'Timett One-Eye', 'b4f2664b-bbe8-11ea-b6d8-ab58ae5d7a3a');
INSERT INTO aliases (alias_id, alias, character_id) values ('b4f26655-bbe8-11ea-b6d8-ab58ae5d7a3a', 'Tormund Giantsbane', 'b4f2664f-bbe8-11ea-b6d8-ab58ae5d7a3a');
INSERT INTO aliases (alias_id, alias, character_id) values ('b4f26656-bbe8-11ea-b6d8-ab58ae5d7a3a', 'Mead-King of Ruddy Hall', 'b4f2664f-bbe8-11ea-b6d8-ab58ae5d7a3a');
INSERT INTO aliases (alias_id, alias, character_id) values ('b4f26657-bbe8-11ea-b6d8-ab58ae5d7a3a', 'Tormund Thunderfist', 'b4f2664f-bbe8-11ea-b6d8-ab58ae5d7a3a');
INSERT INTO aliases (alias_id, alias, character_id) values ('b4f26658-bbe8-11ea-b6d8-ab58ae5d7a3a', 'Tormund Horn-Blower', 'b4f2664f-bbe8-11ea-b6d8-ab58ae5d7a3a');
INSERT INTO aliases (alias_id, alias, character_id) values ('b4f26659-bbe8-11ea-b6d8-ab58ae5d7a3a', 'Tormund Tall-Talker', 'b4f2664f-bbe8-11ea-b6d8-ab58ae5d7a3a');
INSERT INTO aliases (alias_id, alias, character_id) values ('b4f2665a-bbe8-11ea-b6d8-ab58ae5d7a3a', 'Breaker of Ice', 'b4f2664f-bbe8-11ea-b6d8-ab58ae5d7a3a');
INSERT INTO aliases (alias_id, alias, character_id) values ('b4f2665b-bbe8-11ea-b6d8-ab58ae5d7a3a', 'Husband to Bears', 'b4f2664f-bbe8-11ea-b6d8-ab58ae5d7a3a');
INSERT INTO aliases (alias_id, alias, character_id) values ('b4f2665c-bbe8-11ea-b6d8-ab58ae5d7a3a', 'Speaker to Gods', 'b4f2664f-bbe8-11ea-b6d8-ab58ae5d7a3a');
INSERT INTO aliases (alias_id, alias, character_id) values ('b4f2665d-bbe8-11ea-b6d8-ab58ae5d7a3a', 'Father of Hosts', 'b4f2664f-bbe8-11ea-b6d8-ab58ae5d7a3a');
INSERT INTO aliases (alias_id, alias, character_id) values ('b4f2665f-bbe8-11ea-b6d8-ab58ae5d7a3a', 'The Braavosi', 'b4f2665e-bbe8-11ea-b6d8-ab58ae5d7a3a');
INSERT INTO aliases (alias_id, alias, character_id) values ('b4f26664-bbe8-11ea-b6d8-ab58ae5d7a3a', 'The Spider', 'b4f26662-bbe8-11ea-b6d8-ab58ae5d7a3a');
INSERT INTO aliases (alias_id, alias, character_id) values ('b4f26665-bbe8-11ea-b6d8-ab58ae5d7a3a', 'The Eunuch', 'b4f26662-bbe8-11ea-b6d8-ab58ae5d7a3a');
INSERT INTO aliases (alias_id, alias, character_id) values ('b4f26666-bbe8-11ea-b6d8-ab58ae5d7a3a', 'Rugen', 'b4f26662-bbe8-11ea-b6d8-ab58ae5d7a3a');
INSERT INTO aliases (alias_id, alias, character_id) values ('b4f26667-bbe8-11ea-b6d8-ab58ae5d7a3a', 'Varys of Lys', 'b4f26662-bbe8-11ea-b6d8-ab58ae5d7a3a');
INSERT INTO aliases (alias_id, alias, character_id) values ('b4f26669-bbe8-11ea-b6d8-ab58ae5d7a3a', 'Steelshanks Walton', 'b4f26668-bbe8-11ea-b6d8-ab58ae5d7a3a');
INSERT INTO aliases (alias_id, alias, character_id) values ('b4f2666c-bbe8-11ea-b6d8-ab58ae5d7a3a', 'Wun Wun', 'b4f2666b-bbe8-11ea-b6d8-ab58ae5d7a3a');
